{"queryCost":1,"latitude":40.79736,"longitude":-73.97785,"resolvedAddress":"40.79736,-73.97785","address":"40.79736,-73.97785","timezone":"America/New_York","tzoffset":-4.0,"days":[{"datetime":"2024-03-11","datetimeEpoch":1710129600,"tempmax":51.9,"tempmin":35.3,"temp":43.3,"feelslikemax":51.9,"feelslikemin":25.5,"feelslike":37.0,"dew":16.7,"humidity":37.2,"precip":0.0,"precipprob":0.0,"precipcover":0.0,"preciptype":null,"snow":0.0,"snowdepth":0.0,"windgust":45.1,"windspeed":27.1,"winddir":295.5,"pressure":1003.9,"cloudcover":48.2,"visibility":9.9,"solarradiation":223.7,"solarenergy":19.1,"uvindex":8.0,"severerisk":10.0,"sunrise":"07:13:10","sunriseEpoch":1710155590,"sunset":"18:59:00","sunsetEpoch":1710197940,"moonphase":0.04,"conditions":"Partially cloudy","description":"Clearing in the afternoon.","icon":"partly-cloudy-day","stations":["KTEB","KLGA","F1417","KNYC"],"source":"obs"}],"stations":{"KLGA":{"distance":7234.0,"latitude":40.77,"longitude":-73.9,"useCount":0,"id":"KLGA","name":"KLGA","quality":100,"contribution":0.0},"KTEB":{"distance":9068.0,"latitude":40.85,"longitude":-74.06,"useCount":0,"id":"KTEB","name":"KTEB","quality":100,"contribution":0.0},"F1417":{"distance":7234.0,"latitude":40.745,"longitude":-74.029,"useCount":0,"id":"F1417","name":"FW1417 Hoboken NJ US","quality":0,"contribution":0.0},"KNYC":{"distance":3051.0,"latitude":40.77,"longitude":-73.98,"useCount":0,"id":"KNYC","name":"KNYC","quality":100,"contribution":0.0}}}