{"queryCost":3,"latitude":40.79736,"longitude":-73.97785,"resolvedAddress":"40.79736,-73.97785","address":"40.79736,-73.97785","timezone":"America/New_York","tzoffset":-4.0,"days":[{"datetime":"2024-03-20","datetimeEpoch":1710907200,"tempmax":55.6,"tempmin":37.1,"temp":45.0,"feelslikemax":55.6,"feelslikemin":28.0,"feelslike":41.8,"dew":27.6,"humidity":51.5,"precip":0.013,"precipprob":100.0,"precipcover":4.17,"preciptype":["rain"],"snow":0.0,"snowdepth":0.0,"windgust":37.0,"windspeed":17.1,"winddir":272.9,"pressure":1004.9,"cloudcover":82.7,"visibility":9.9,"solarradiation":76.3,"solarenergy":6.5,"uvindex":3.0,"severerisk":10.0,"sunrise":"06:58:20","sunriseEpoch":1710932300,"sunset":"19:08:44","sunsetEpoch":1710976124,"moonphase":0.34,"conditions":"Rain, Partially cloudy","description":"Partly cloudy throughout the day with late afternoon rain.","icon":"rain","stations":["KTEB","KLGA","F1417","KNYC"],"source":"obs"},{"datetime":"2024-03-21","datetimeEpoch":1710993600,"tempmax":41.9,"tempmin":30.0,"temp":35.4,"feelslikemax":40.9,"feelslikemin":20.6,"feelslike":27.7,"dew":7.7,"humidity":31.6,"precip":0.0,"precipprob":0.0,"precipcover":0.0,"preciptype":null,"snow":0.0,"snowdepth":0.0,"windgust":31.5,"windspeed":18.3,"winddir":293.9,"pressure":1018.5,"cloudcover":14.9,"visibility":9.9,"solarradiation":255.3,"solarenergy":22.2,"uvindex":9.0,"severerisk":10.0,"sunrise":"06:56:40","sunriseEpoch":1711018600,"sunset":"19:09:48","sunsetEpoch":1711062588,"moonphase":0.38,"conditions":"Clear","description":"Clear conditions throughout the day.","icon":"clear-day","stations":["KTEB","KLGA","F1417","KNYC"],"source":"obs"},{"datetime":"2024-03-22","datetimeEpoch":1711080000,"tempmax":45.0,"tempmin":29.0,"temp":36.4,"feelslikemax":41.3,"feelslikemin":20.3,"feelslike":31.5,"dew":14.4,"humidity":41.0,"precip":0.0,"precipprob":13.0,"precipcover":0.0,"preciptype":["rain"],"snow":0.0,"snowdepth":0.0,"windgust":26.4,"windspeed":12.4,"winddir":246.7,"pressure":1027.6,"cloudcover":24.3,"visibility":10.0,"solarradiation":239.8,"solarenergy":20.8,"uvindex":8.0,"severerisk":10.0,"sunrise":"06:55:01","sunriseEpoch":1711104901,"sunset":"19:10:52","sunsetEpoch":1711149052,"moonphase":0.41,"conditions":"Partially cloudy","description":"Partly cloudy throughout the day.","icon":"partly-cloudy-day","stations":["KTEB","KLGA","F1417","KNYC"],"source":"comb"}],"stations":{"KLGA":{"distance":7234.0,"latitude":40.77,"longitude":-73.9,"useCount":0,"id":"KLGA","name":"KLGA","quality":100,"contribution":0.0},"KTEB":{"distance":9068.0,"latitude":40.85,"longitude":-74.06,"useCount":0,"id":"KTEB","name":"KTEB","quality":100,"contribution":0.0},"F1417":{"distance":7234.0,"latitude":40.745,"longitude":-74.029,"useCount":0,"id":"F1417","name":"FW1417 Hoboken NJ US","quality":0,"contribution":0.0},"KNYC":{"distance":3051.0,"latitude":40.77,"longitude":-73.98,"useCount":0,"id":"KNYC","name":"KNYC","quality":100,"contribution":0.0}}}