{"queryCost":3,"latitude":30.1444,"longitude":-97.66876,"resolvedAddress":"30.1444,-97.66876","address":"30.1444,-97.66876","timezone":"America/Chicago","tzoffset":-5.0,"days":[{"datetime":"2024-03-20","datetimeEpoch":1710910800,"tempmax":66.8,"tempmin":50.1,"temp":58.7,"feelslikemax":66.8,"feelslikemin":50.1,"feelslike":58.7,"dew":50.9,"humidity":75.6,"precip":0.0,"precipprob":0.0,"precipcover":0.0,"preciptype":null,"snow":0.0,"snowdepth":0.0,"windgust":15.0,"windspeed":11.2,"winddir":183.1,"pressure":1017.4,"cloudcover":94.4,"visibility":9.9,"solarradiation":108.6,"solarenergy":9.4,"uvindex":6.0,"severerisk":10.0,"sunrise":"07:33:43","sunriseEpoch":1710938023,"sunset":"19:42:37","sunsetEpoch":1710981757,"moonphase":0.35,"conditions":"Overcast","description":"Cloudy skies throughout the day.","icon":"cloudy","stations":["KATT","KAUS","C2969","KHYI"],"source":"obs"},{"datetime":"2024-03-21","datetimeEpoch":1710997200,"tempmax":64.1,"tempmin":55.4,"temp":61.1,"feelslikemax":64.1,"feelslikemin":55.4,"feelslike":61.1,"dew":58.5,"humidity":91.3,"precip":0.393,"precipprob":100.0,"precipcover":29.17,"preciptype":["rain"],"snow":0.0,"snowdepth":0.0,"windgust":12.8,"windspeed":12.6,"winddir":43.8,"pressure":1012.5,"cloudcover":97.7,"visibility":8.1,"solarradiation":37.4,"solarenergy":3.2,"uvindex":2.0,"severerisk":10.0,"sunrise":"07:32:30","sunriseEpoch":1711024350,"sunset":"19:43:14","sunsetEpoch":1711068194,"moonphase":0.38,"conditions":"Rain, Overcast","description":"Cloudy skies throughout the day with a chance of rain throughout the day.","icon":"rain","stations":["KATT","KAUS","C2969","KHYI"],"source":"obs"},{"datetime":"2024-03-22","datetimeEpoch":1711083600,"tempmax":78.0,"tempmin":51.5,"temp":63.4,"feelslikemax":78.0,"feelslikemin":51.5,"feelslike":63.4,"dew":55.8,"humidity":79.7,"precip":0.0,"precipprob":0.0,"precipcover":0.0,"preciptype":["rain"],"snow":0.0,"snowdepth":0.0,"windgust":25.3,"windspeed":17.2,"winddir":341.5,"pressure":1012.0,"cloudcover":39.0,"visibility":7.4,"solarradiation":252.8,"solarenergy":21.7,"uvindex":9.0,"severerisk":10.0,"sunrise":"07:31:17","sunriseEpoch":1711110677,"sunset":"19:43:51","sunsetEpoch":1711154631,"moonphase":0.41,"conditions":"Partially cloudy","description":"Clearing in the afternoon.","icon":"partly-cloudy-day","stations":["KATT","KAUS","C2969","KHYI"],"source":"comb"}],"stations":{"C2969":{"distance":10451.0,"latitude":30.223,"longitude":-97.728,"useCount":0,"id":"C2969","name":"CW2969 Austin TX US","quality":0,"contribution":0.0},"KATT":{"distance":21839.0,"latitude":30.32,"longitude":-97.77,"useCount":0,"id":"KATT","name":"KATT","quality":97,"contribution":0.0},"KHYI":{"distance":33413.0,"latitude":29.9,"longitude":-97.87,"useCount":0,"id":"KHYI","name":"SAN_MARCOS_(AWOS), TX","quality":99,"contribution":0.0},"KAUS":{"distance":5078.0,"latitude":30.19,"longitude":-97.67,"useCount":0,"id":"KAUS","name":"KAUS","quality":100,"contribution":0.0}}}