{"queryCost":3,"latitude":41.78701,"longitude":-87.77166,"resolvedAddress":"41.78701,-87.77166","address":"41.78701,-87.77166","timezone":"America/Chicago","tzoffset":-5.0,"days":[{"datetime":"2024-03-20","datetimeEpoch":1710910800,"tempmax":44.1,"tempmin":30.8,"temp":38.1,"feelslikemax":43.1,"feelslikemin":23.4,"feelslike":30.7,"dew":14.8,"humidity":39.5,"precip":0.0,"precipprob":0.0,"precipcover":0.0,"preciptype":null,"snow":0.0,"snowdepth":0.0,"windgust":31.0,"windspeed":20.7,"winddir":347.3,"pressure":1015.6,"cloudcover":22.2,"visibility":9.9,"solarradiation":185.6,"solarenergy":16.1,"uvindex":8.0,"severerisk":10.0,"sunrise":"06:53:22","sunriseEpoch":1710935602,"sunset":"19:04:04","sunsetEpoch":1710979444,"moonphase":0.35,"conditions":"Partially cloudy","description":"Partly cloudy throughout the day.","icon":"partly-cloudy-day","stations":["AT062","KORD","KLOT","KMDW","KDPA","KPWK","KIGQ"],"source":"obs"},{"datetime":"2024-03-21","datetimeEpoch":1710997200,"tempmax":39.8,"tempmin":28.1,"temp":34.2,"feelslikemax":39.8,"feelslikemin":22.9,"feelslike":29.6,"dew":17.8,"humidity":51.3,"precip":0.0,"precipprob":0.0,"precipcover":0.0,"preciptype":null,"snow":0.0,"snowdepth":0.0,"windgust":16.1,"windspeed":11.4,"winddir":111.1,"pressure":1025.7,"cloudcover":77.5,"visibility":9.9,"solarradiation":138.0,"solarenergy":11.9,"uvindex":6.0,"severerisk":10.0,"sunrise":"06:51:39","sunriseEpoch":1711021899,"sunset":"19:05:10","sunsetEpoch":1711065910,"moonphase":0.38,"conditions":"Partially cloudy","description":"Partly cloudy throughout the day.","icon":"partly-cloudy-day","stations":["AT062","KORD","KLOT","KMDW","KDPA","KPWK","KIGQ","remote"],"source":"obs"},{"datetime":"2024-03-22","datetimeEpoch":1711083600,"tempmax":38.9,"tempmin":30.9,"temp":35.3,"feelslikemax":32.7,"feelslikemin":21.6,"feelslike":27.4,"dew":26.1,"humidity":71.1,"precip":0.307,"precipprob":100.0,"precipcover":37.5,"preciptype":["rain","snow"],"snow":2.1,"snowdepth":0.5,"windgust":20.8,"windspeed":13.8,"winddir":62.9,"pressure":1020.0,"cloudcover":94.2,"visibility":5.9,"solarradiation":68.9,"solarenergy":6.0,"uvindex":3.0,"severerisk":10.0,"sunrise":"06:49:56","sunriseEpoch":1711108196,"sunset":"19:06:17","sunsetEpoch":1711152377,"moonphase":0.41,"conditions":"Snow, Rain, Overcast","description":"Cloudy skies throughout the day with a chance of rain or snow throughout the day.","icon":"snow","stations":["AT062","KORD","KLOT","KMDW","KDPA","KPWK","KIGQ"],"source":"comb"}],"stations":{"AT062":{"distance":8713.0,"latitude":41.732,"longitude":-87.846,"useCount":0,"id":"AT062","name":"WD9EPF Hickory Hills IL US","quality":0,"contribution":0.0},"KORD":{"distance":23972.0,"latitude":41.98,"longitude":-87.9,"useCount":0,"id":"KORD","name":"KORD","quality":100,"contribution":0.0},"KLOT":{"distance":32991.0,"latitude":41.61,"longitude":-88.09,"useCount":0,"id":"KLOT","name":"KLOT","quality":99,"contribution":0.0},"KMDW":{"distance":1960.0,"latitude":41.78,"longitude":-87.75,"useCount":0,"id":"KMDW","name":"KMDW","quality":100,"contribution":0.0},"KDPA":{"distance":42335.0,"latitude":41.92,"longitude":-88.25,"useCount":0,"id":"KDPA","name":"KDPA","quality":99,"contribution":0.0},"KPWK":{"distance":39050.0,"latitude":42.12,"longitude":-87.92,"useCount":0,"id":"KPWK","name":"KPWK","quality":100,"contribution":0.0},"KIGQ":{"distance":34058.0,"latitude":41.54,"longitude":-87.53,"useCount":0,"id":"KIGQ","name":"KIGQ","quality":100,"contribution":0.0}}}