{"queryCost":3,"latitude":25.7738,"longitude":-80.1936,"resolvedAddress":"25.7738,-80.1936","address":"25.7738,-80.1936","timezone":"America/New_York","tzoffset":-4.0,"days":[{"datetime":"2024-03-20","datetimeEpoch":1710907200,"tempmax":77.3,"tempmin":62.4,"temp":70.2,"feelslikemax":77.3,"feelslikemin":62.4,"feelslike":70.2,"dew":57.2,"humidity":64.1,"precip":0.0,"precipprob":0.0,"precipcover":0.0,"preciptype":null,"snow":0.0,"snowdepth":0.0,"windgust":20.5,"windspeed":12.7,"winddir":82.4,"pressure":1017.7,"cloudcover":48.3,"visibility":9.9,"solarradiation":171.0,"solarenergy":14.7,"uvindex":9.0,"severerisk":10.0,"sunrise":"07:24:05","sunriseEpoch":1710933845,"sunset":"19:32:24","sunsetEpoch":1710977544,"moonphase":0.34,"conditions":"Partially cloudy","description":"Partly cloudy throughout the day.","icon":"partly-cloudy-day","stations":["0878W","KHWO","0235W","KMIA","KOPF"],"source":"obs"},{"datetime":"2024-03-21","datetimeEpoch":1710993600,"tempmax":78.9,"tempmin":68.6,"temp":73.8,"feelslikemax":78.9,"feelslikemin":68.6,"feelslike":73.8,"dew":61.7,"humidity":66.1,"precip":0.0,"precipprob":0.0,"precipcover":0.0,"preciptype":["rain"],"snow":0.0,"snowdepth":0.0,"windgust":29.0,"windspeed":18.3,"winddir":99.9,"pressure":1018.1,"cloudcover":67.4,"visibility":9.9,"solarradiation":178.7,"solarenergy":15.4,"uvindex":9.0,"severerisk":10.0,"sunrise":"07:23:01","sunriseEpoch":1711020181,"sunset":"19:32:52","sunsetEpoch":1711063972,"moonphase":0.38,"conditions":"Partially cloudy","description":"Partly cloudy throughout the day.","icon":"partly-cloudy-day","stations":["0878W","KHWO","0235W","KMIA","KOPF","remote"],"source":"obs"},{"datetime":"2024-03-22","datetimeEpoch":1711080000,"tempmax":76.9,"tempmin":71.5,"temp":74.3,"feelslikemax":76.9,"feelslikemin":71.5,"feelslike":74.3,"dew":65.8,"humidity":75.2,"precip":2.307,"precipprob":100.0,"precipcover":58.33,"preciptype":["rain"],"snow":0.0,"snowdepth":0.0,"windgust":27.5,"windspeed":24.2,"winddir":122.5,"pressure":1015.3,"cloudcover":82.6,"visibility":7.9,"solarradiation":65.1,"solarenergy":5.9,"uvindex":4.0,"severerisk":10.0,"sunrise":"07:21:57","sunriseEpoch":1711106517,"sunset":"19:33:20","sunsetEpoch":1711150400,"moonphase":0.41,"conditions":"Rain, Partially cloudy","description":"Partly cloudy throughout the day with rain.","icon":"rain","stations":["0878W","KHWO","0235W","KMIA","KOPF"],"source":"comb"}],"stations":{"0878W":{"distance":1392.0,"latitude":25.785,"longitude":-80.188,"useCount":0,"id":"0878W","name":"Frost Museum of Science FL US WEATHERSTEM","quality":0,"contribution":0.0},"0235W":{"distance":2733.0,"latitude":25.788,"longitude":-80.216,"useCount":0,"id":"0235W","name":"U of Miami Health System FL US WEATHERSTEM","quality":0,"contribution":0.0},"KMIA":{"distance":9830.0,"latitude":25.79,"longitude":-80.29,"useCount":0,"id":"KMIA","name":"KMIA","quality":100,"contribution":0.0},"KOPF":{"distance":16501.0,"latitude":25.9,"longitude":-80.28,"useCount":0,"id":"KOPF","name":"KOPF","quality":100,"contribution":0.0},"KHWO":{"distance":25443.0,"latitude":26.0,"longitude":-80.23,"useCount":0,"id":"KHWO","name":"KHWO","quality":100,"contribution":0.0}}}