run_ts,trade_date,city,metric_type,source_name,value
2026-01-25T03:15:03.580000-05:00,2026-01-24,il,mae_f,consensus,0.5231
2026-01-25T03:15:03.580000-05:00,2026-01-24,il,rmse_f,consensus,0.5252
2026-01-25T03:15:03.580000-05:00,2026-01-24,il,mae_f,open-meteo,1.0167
2026-01-25T03:15:03.580000-05:00,2026-01-24,il,rmse_f,open-meteo,1.0239
2026-01-25T03:15:03.580000-05:00,2026-01-24,il,mae_f,visual-crossing,0.0000
2026-01-25T03:15:03.580000-05:00,2026-01-24,il,rmse_f,visual-crossing,0.0000
2026-01-25T03:15:03.580000-05:00,2026-01-24,il,mae_f,tomorrow,0.9800
2026-01-25T03:15:03.580000-05:00,2026-01-24,il,rmse_f,tomorrow,0.9910
2026-01-25T03:15:03.580000-05:00,2026-01-24,il,mae_f,weatherapi,5.0000
2026-01-25T03:15:03.580000-05:00,2026-01-24,il,rmse_f,weatherapi,5.0000
2026-01-25T03:15:03.580000-05:00,2026-01-24,il,mae_f,lstm,8.0007
2026-01-25T03:15:03.580000-05:00,2026-01-24,il,rmse_f,lstm,8.0016
2026-01-25T03:15:03.580000-05:00,2026-01-24,il,bucket_hit_rate,trade,0.8333
2026-01-25T03:15:03.580000-05:00,2026-01-24,il,realized_pnl_dollars,trade,21.68
2026-01-25T03:15:03.593948-05:00,2026-01-24,il,mae_f,consensus,0.5231
2026-01-25T03:15:03.593948-05:00,2026-01-24,il,rmse_f,consensus,0.5252
2026-01-25T03:15:03.593948-05:00,2026-01-24,il,mae_f,open-meteo,1.0167
2026-01-25T03:15:03.593948-05:00,2026-01-24,il,rmse_f,open-meteo,1.0239
2026-01-25T03:15:03.593948-05:00,2026-01-24,il,mae_f,visual-crossing,0.0000
2026-01-25T03:15:03.593948-05:00,2026-01-24,il,rmse_f,visual-crossing,0.0000
2026-01-25T03:15:03.593948-05:00,2026-01-24,il,mae_f,tomorrow,0.9800
2026-01-25T03:15:03.593948-05:00,2026-01-24,il,rmse_f,tomorrow,0.9910
2026-01-25T03:15:03.593948-05:00,2026-01-24,il,mae_f,weatherapi,5.0000
2026-01-25T03:15:03.593948-05:00,2026-01-24,il,rmse_f,weatherapi,5.0000
2026-01-25T03:15:03.593948-05:00,2026-01-24,il,mae_f,lstm,8.0007
2026-01-25T03:15:03.593948-05:00,2026-01-24,il,rmse_f,lstm,8.0016
2026-01-25T03:15:03.593948-05:00,2026-01-24,il,bucket_hit_rate,trade,0.8333
2026-01-25T03:15:03.593948-05:00,2026-01-24,il,realized_pnl_dollars,trade,21.68
2026-01-25T10:13:17.469329-05:00,2026-01-24,fl,mae_f,consensus,6.1713
2026-01-25T10:13:17.469329-05:00,2026-01-24,fl,rmse_f,consensus,6.2644
2026-01-25T10:13:17.469329-05:00,2026-01-24,fl,mae_f,open-meteo,6.4333
2026-01-25T10:13:17.469329-05:00,2026-01-24,fl,rmse_f,open-meteo,6.4548
2026-01-25T10:13:17.469329-05:00,2026-01-24,fl,mae_f,visual-crossing,5.0750
2026-01-25T10:13:17.469329-05:00,2026-01-24,fl,rmse_f,visual-crossing,5.2734
2026-01-25T10:13:17.469329-05:00,2026-01-24,fl,mae_f,tomorrow,6.1994
2026-01-25T10:13:17.469329-05:00,2026-01-24,fl,rmse_f,tomorrow,6.2064
2026-01-25T10:13:17.469329-05:00,2026-01-24,fl,mae_f,weatherapi,7.6500
2026-01-25T10:13:17.469329-05:00,2026-01-24,fl,rmse_f,weatherapi,7.9111
2026-01-25T10:13:17.469329-05:00,2026-01-24,fl,mae_f,lstm,5.5239
2026-01-25T10:13:17.469329-05:00,2026-01-24,fl,rmse_f,lstm,5.5365
2026-01-25T10:13:17.469329-05:00,2026-01-24,il,mae_f,consensus,0.5231
2026-01-25T10:13:17.469329-05:00,2026-01-24,il,rmse_f,consensus,0.5252
2026-01-25T10:13:17.469329-05:00,2026-01-24,il,mae_f,open-meteo,1.0167
2026-01-25T10:13:17.469329-05:00,2026-01-24,il,rmse_f,open-meteo,1.0239
2026-01-25T10:13:17.469329-05:00,2026-01-24,il,mae_f,visual-crossing,0.0000
2026-01-25T10:13:17.469329-05:00,2026-01-24,il,rmse_f,visual-crossing,0.0000
2026-01-25T10:13:17.469329-05:00,2026-01-24,il,mae_f,tomorrow,0.9800
2026-01-25T10:13:17.469329-05:00,2026-01-24,il,rmse_f,tomorrow,0.9910
2026-01-25T10:13:17.469329-05:00,2026-01-24,il,mae_f,weatherapi,5.0000
2026-01-25T10:13:17.469329-05:00,2026-01-24,il,rmse_f,weatherapi,5.0000
2026-01-25T10:13:17.469329-05:00,2026-01-24,il,mae_f,lstm,8.0007
2026-01-25T10:13:17.469329-05:00,2026-01-24,il,rmse_f,lstm,8.0016
2026-01-25T10:13:17.469329-05:00,2026-01-24,fl,bucket_hit_rate,trade,0.0000
2026-01-25T10:13:17.469329-05:00,2026-01-24,il,bucket_hit_rate,trade,0.8333
2026-01-25T10:13:17.469329-05:00,2026-01-24,fl,realized_pnl_dollars,trade,-7.29
2026-01-25T10:13:17.469329-05:00,2026-01-24,il,realized_pnl_dollars,trade,21.68
2026-01-26T03:15:10.748595-05:00,2026-01-25,tx,mae_f,consensus,0.3487
2026-01-26T03:15:10.748595-05:00,2026-01-25,tx,rmse_f,consensus,0.3804
2026-01-26T03:15:10.748595-05:00,2026-01-25,tx,mae_f,open-meteo,0.6400
2026-01-26T03:15:10.748595-05:00,2026-01-25,tx,rmse_f,open-meteo,0.6899
2026-01-26T03:15:10.748595-05:00,2026-01-25,tx,mae_f,visual-crossing,1.1000
2026-01-26T03:15:10.748595-05:00,2026-01-25,tx,rmse_f,visual-crossing,1.1000
2026-01-26T03:15:10.748595-05:00,2026-01-25,tx,mae_f,tomorrow,2.0900
2026-01-26T03:15:10.748595-05:00,2026-01-25,tx,rmse_f,tomorrow,2.0900
2026-01-26T03:15:10.748595-05:00,2026-01-25,tx,mae_f,weatherapi,3.0000
2026-01-26T03:15:10.748595-05:00,2026-01-25,tx,rmse_f,weatherapi,3.0000
2026-01-26T03:15:10.748595-05:00,2026-01-25,tx,mae_f,lstm,35.9943
2026-01-26T03:15:10.748595-05:00,2026-01-25,tx,rmse_f,lstm,36.2520
2026-01-26T03:15:10.748595-05:00,2026-01-25,il,mae_f,consensus,1.0915
2026-01-26T03:15:10.748595-05:00,2026-01-25,il,rmse_f,consensus,1.1658
2026-01-26T03:15:10.748595-05:00,2026-01-25,il,mae_f,open-meteo,1.0600
2026-01-26T03:15:10.748595-05:00,2026-01-25,il,rmse_f,open-meteo,1.1942
2026-01-26T03:15:10.748595-05:00,2026-01-25,il,mae_f,visual-crossing,1.6000
2026-01-26T03:15:10.748595-05:00,2026-01-25,il,rmse_f,visual-crossing,1.6733
2026-01-26T03:15:10.748595-05:00,2026-01-25,il,mae_f,tomorrow,0.5840
2026-01-26T03:15:10.748595-05:00,2026-01-25,il,rmse_f,tomorrow,0.7170
2026-01-26T03:15:10.748595-05:00,2026-01-25,il,mae_f,weatherapi,0.8800
2026-01-26T03:15:10.748595-05:00,2026-01-25,il,rmse_f,weatherapi,1.0257
2026-01-26T03:15:10.748595-05:00,2026-01-25,il,mae_f,lstm,2.1337
2026-01-26T03:15:10.748595-05:00,2026-01-25,il,rmse_f,lstm,2.1419
2026-01-26T03:15:10.748595-05:00,2026-01-25,tx,bucket_hit_rate,trade,1.0000
2026-01-26T03:15:10.748595-05:00,2026-01-25,il,bucket_hit_rate,trade,0.6000
2026-01-26T03:15:10.748595-05:00,2026-01-25,tx,realized_pnl_dollars,trade,105.75
2026-01-26T03:15:10.748595-05:00,2026-01-25,il,realized_pnl_dollars,trade,30.72
2026-01-26T03:15:28.416492-05:00,2026-01-25,tx,mae_f,consensus,0.3487
2026-01-26T03:15:28.416492-05:00,2026-01-25,tx,rmse_f,consensus,0.3804
2026-01-26T03:15:28.416492-05:00,2026-01-25,tx,mae_f,open-meteo,0.6400
2026-01-26T03:15:28.416492-05:00,2026-01-25,tx,rmse_f,open-meteo,0.6899
2026-01-26T03:15:28.416492-05:00,2026-01-25,tx,mae_f,visual-crossing,1.1000
2026-01-26T03:15:28.416492-05:00,2026-01-25,tx,rmse_f,visual-crossing,1.1000
2026-01-26T03:15:28.416492-05:00,2026-01-25,tx,mae_f,tomorrow,2.0900
2026-01-26T03:15:28.416492-05:00,2026-01-25,tx,rmse_f,tomorrow,2.0900
2026-01-26T03:15:28.416492-05:00,2026-01-25,tx,mae_f,weatherapi,3.0000
2026-01-26T03:15:28.416492-05:00,2026-01-25,tx,rmse_f,weatherapi,3.0000
2026-01-26T03:15:28.416492-05:00,2026-01-25,tx,mae_f,lstm,35.9943
2026-01-26T03:15:28.416492-05:00,2026-01-25,tx,rmse_f,lstm,36.2520
2026-01-26T03:15:28.416492-05:00,2026-01-25,il,mae_f,consensus,1.0915
2026-01-26T03:15:28.416492-05:00,2026-01-25,il,rmse_f,consensus,1.1658
2026-01-26T03:15:28.416492-05:00,2026-01-25,il,mae_f,open-meteo,1.0600
2026-01-26T03:15:28.416492-05:00,2026-01-25,il,rmse_f,open-meteo,1.1942
2026-01-26T03:15:28.416492-05:00,2026-01-25,il,mae_f,visual-crossing,1.6000
2026-01-26T03:15:28.416492-05:00,2026-01-25,il,rmse_f,visual-crossing,1.6733
2026-01-26T03:15:28.416492-05:00,2026-01-25,il,mae_f,tomorrow,0.5840
2026-01-26T03:15:28.416492-05:00,2026-01-25,il,rmse_f,tomorrow,0.7170
2026-01-26T03:15:28.416492-05:00,2026-01-25,il,mae_f,weatherapi,0.8800
2026-01-26T03:15:28.416492-05:00,2026-01-25,il,rmse_f,weatherapi,1.0257
2026-01-26T03:15:28.416492-05:00,2026-01-25,il,mae_f,lstm,2.1337
2026-01-26T03:15:28.416492-05:00,2026-01-25,il,rmse_f,lstm,2.1419
2026-01-26T03:15:28.416492-05:00,2026-01-25,tx,bucket_hit_rate,trade,1.0000
2026-01-26T03:15:28.416492-05:00,2026-01-25,il,bucket_hit_rate,trade,0.6000
2026-01-26T03:15:28.416492-05:00,2026-01-25,tx,realized_pnl_dollars,trade,105.75
2026-01-26T03:15:28.416492-05:00,2026-01-25,il,realized_pnl_dollars,trade,30.72
2026-01-26T07:15:03.292817-05:00,2026-01-25,tx,mae_f,consensus,0.3487
2026-01-26T07:15:03.292817-05:00,2026-01-25,tx,rmse_f,consensus,0.3804
2026-01-26T07:15:03.292817-05:00,2026-01-25,tx,mae_f,open-meteo,0.6400
2026-01-26T07:15:03.292817-05:00,2026-01-25,tx,rmse_f,open-meteo,0.6899
2026-01-26T07:15:03.292817-05:00,2026-01-25,tx,mae_f,visual-crossing,1.1000
2026-01-26T07:15:03.292817-05:00,2026-01-25,tx,rmse_f,visual-crossing,1.1000
2026-01-26T07:15:03.292817-05:00,2026-01-25,tx,mae_f,tomorrow,2.0900
2026-01-26T07:15:03.292817-05:00,2026-01-25,tx,rmse_f,tomorrow,2.0900
2026-01-26T07:15:03.292817-05:00,2026-01-25,tx,mae_f,weatherapi,3.0000
2026-01-26T07:15:03.292817-05:00,2026-01-25,tx,rmse_f,weatherapi,3.0000
2026-01-26T07:15:03.292817-05:00,2026-01-25,tx,mae_f,lstm,35.9943
2026-01-26T07:15:03.292817-05:00,2026-01-25,tx,rmse_f,lstm,36.2520
2026-01-26T07:15:03.292817-05:00,2026-01-25,fl,mae_f,consensus,4.7706
2026-01-26T07:15:03.292817-05:00,2026-01-25,fl,rmse_f,consensus,4.8153
2026-01-26T07:15:03.292817-05:00,2026-01-25,fl,mae_f,open-meteo,5.3333
2026-01-26T07:15:03.292817-05:00,2026-01-25,fl,rmse_f,open-meteo,5.3360
2026-01-26T07:15:03.292817-05:00,2026-01-25,fl,mae_f,visual-crossing,3.4500
2026-01-26T07:15:03.292817-05:00,2026-01-25,fl,rmse_f,visual-crossing,3.4936
2026-01-26T07:15:03.292817-05:00,2026-01-25,fl,mae_f,tomorrow,5.2433
2026-01-26T07:15:03.292817-05:00,2026-01-25,fl,rmse_f,tomorrow,5.2484
2026-01-26T07:15:03.292817-05:00,2026-01-25,fl,mae_f,weatherapi,8.2333
2026-01-26T07:15:03.292817-05:00,2026-01-25,fl,rmse_f,weatherapi,8.3624
2026-01-26T07:15:03.292817-05:00,2026-01-25,fl,mae_f,lstm,5.1913
2026-01-26T07:15:03.292817-05:00,2026-01-25,fl,rmse_f,lstm,5.1913
2026-01-26T07:15:03.292817-05:00,2026-01-25,il,mae_f,consensus,1.0915
2026-01-26T07:15:03.292817-05:00,2026-01-25,il,rmse_f,consensus,1.1658
2026-01-26T07:15:03.292817-05:00,2026-01-25,il,mae_f,open-meteo,1.0600
2026-01-26T07:15:03.292817-05:00,2026-01-25,il,rmse_f,open-meteo,1.1942
2026-01-26T07:15:03.292817-05:00,2026-01-25,il,mae_f,visual-crossing,1.6000
2026-01-26T07:15:03.292817-05:00,2026-01-25,il,rmse_f,visual-crossing,1.6733
2026-01-26T07:15:03.292817-05:00,2026-01-25,il,mae_f,tomorrow,0.5840
2026-01-26T07:15:03.292817-05:00,2026-01-25,il,rmse_f,tomorrow,0.7170
2026-01-26T07:15:03.292817-05:00,2026-01-25,il,mae_f,weatherapi,0.8800
2026-01-26T07:15:03.292817-05:00,2026-01-25,il,rmse_f,weatherapi,1.0257
2026-01-26T07:15:03.292817-05:00,2026-01-25,il,mae_f,lstm,2.1337
2026-01-26T07:15:03.292817-05:00,2026-01-25,il,rmse_f,lstm,2.1419
2026-01-26T07:15:03.292817-05:00,2026-01-25,tx,bucket_hit_rate,trade,1.0000
2026-01-26T07:15:03.292817-05:00,2026-01-25,fl,bucket_hit_rate,trade,0.0000
2026-01-26T07:15:03.292817-05:00,2026-01-25,il,bucket_hit_rate,trade,0.6000
2026-01-26T07:15:03.292817-05:00,2026-01-25,tx,realized_pnl_dollars,trade,105.75
2026-01-26T07:15:03.292817-05:00,2026-01-25,fl,realized_pnl_dollars,trade,-18.21
2026-01-26T07:15:03.292817-05:00,2026-01-25,il,realized_pnl_dollars,trade,30.72
2026-01-27T03:15:12.931492-05:00,2026-01-26,ny,mae_f,consensus,0.8820
2026-01-27T03:15:12.931492-05:00,2026-01-26,ny,rmse_f,consensus,0.9676
2026-01-27T03:15:12.931492-05:00,2026-01-26,ny,mae_f,open-meteo,1.2571
2026-01-27T03:15:12.931492-05:00,2026-01-26,ny,rmse_f,open-meteo,1.4619
2026-01-27T03:15:12.931492-05:00,2026-01-26,ny,mae_f,visual-crossing,2.6429
2026-01-27T03:15:12.931492-05:00,2026-01-26,ny,rmse_f,visual-crossing,2.6739
2026-01-27T03:15:12.931492-05:00,2026-01-26,ny,mae_f,tomorrow,1.0543
2026-01-27T03:15:12.931492-05:00,2026-01-26,ny,rmse_f,tomorrow,1.1424
2026-01-27T03:15:12.931492-05:00,2026-01-26,ny,mae_f,weatherapi,0.5286
2026-01-27T03:15:12.931492-05:00,2026-01-26,ny,rmse_f,weatherapi,0.5916
2026-01-27T03:15:12.931492-05:00,2026-01-26,il,mae_f,consensus,0.8482
2026-01-27T03:15:12.931492-05:00,2026-01-26,il,rmse_f,consensus,0.9427
2026-01-27T03:15:12.931492-05:00,2026-01-26,il,mae_f,open-meteo,1.6778
2026-01-27T03:15:12.931492-05:00,2026-01-26,il,rmse_f,open-meteo,1.7991
2026-01-27T03:15:12.931492-05:00,2026-01-26,il,mae_f,visual-crossing,0.4444
2026-01-27T03:15:12.931492-05:00,2026-01-26,il,rmse_f,visual-crossing,0.9428
2026-01-27T03:15:12.931492-05:00,2026-01-26,il,mae_f,tomorrow,2.3233
2026-01-27T03:15:12.931492-05:00,2026-01-26,il,rmse_f,tomorrow,2.3826
2026-01-27T03:15:12.931492-05:00,2026-01-26,il,mae_f,weatherapi,5.8333
2026-01-27T03:15:12.931492-05:00,2026-01-26,il,rmse_f,weatherapi,5.8898
2026-01-27T03:15:12.931492-05:00,2026-01-26,ny,mae_f,lstm,1.4159
2026-01-27T03:15:12.931492-05:00,2026-01-26,ny,rmse_f,lstm,1.4159
2026-01-27T03:15:12.931492-05:00,2026-01-26,il,mae_f,lstm,11.1295
2026-01-27T03:15:12.931492-05:00,2026-01-26,il,rmse_f,lstm,11.1295
2026-01-27T03:15:12.931492-05:00,2026-01-26,tx,mae_f,consensus,1.8729
2026-01-27T03:15:12.931492-05:00,2026-01-26,tx,rmse_f,consensus,1.8775
2026-01-27T03:15:12.931492-05:00,2026-01-26,tx,mae_f,open-meteo,4.6000
2026-01-27T03:15:12.931492-05:00,2026-01-26,tx,rmse_f,open-meteo,4.6000
2026-01-27T03:15:12.931492-05:00,2026-01-26,tx,mae_f,visual-crossing,2.0000
2026-01-27T03:15:12.931492-05:00,2026-01-26,tx,rmse_f,visual-crossing,2.0000
2026-01-27T03:15:12.931492-05:00,2026-01-26,tx,mae_f,tomorrow,4.9600
2026-01-27T03:15:12.931492-05:00,2026-01-26,tx,rmse_f,tomorrow,4.9600
2026-01-27T03:15:12.931492-05:00,2026-01-26,tx,mae_f,weatherapi,3.4000
2026-01-27T03:15:12.931492-05:00,2026-01-26,tx,rmse_f,weatherapi,3.4000
2026-01-27T03:15:12.931492-05:00,2026-01-26,tx,mae_f,lstm,20.0553
2026-01-27T03:15:12.931492-05:00,2026-01-26,tx,rmse_f,lstm,20.0553
2026-01-27T03:15:12.931492-05:00,2026-01-26,ny,bucket_hit_rate,trade,1.0000
2026-01-27T03:15:12.931492-05:00,2026-01-26,il,bucket_hit_rate,trade,0.1111
2026-01-27T03:15:12.931492-05:00,2026-01-26,tx,bucket_hit_rate,trade,0.0000
2026-01-27T03:15:12.931492-05:00,2026-01-26,ny,realized_pnl_dollars,trade,131.36
2026-01-27T03:15:12.931492-05:00,2026-01-26,il,realized_pnl_dollars,trade,-58.57
2026-01-27T03:15:12.931492-05:00,2026-01-26,tx,realized_pnl_dollars,trade,-11.40
2026-01-27T03:15:39.836892-05:00,2026-01-26,ny,mae_f,consensus,0.8820
2026-01-27T03:15:39.836892-05:00,2026-01-26,ny,rmse_f,consensus,0.9676
2026-01-27T03:15:39.836892-05:00,2026-01-26,ny,mae_f,open-meteo,1.2571
2026-01-27T03:15:39.836892-05:00,2026-01-26,ny,rmse_f,open-meteo,1.4619
2026-01-27T03:15:39.836892-05:00,2026-01-26,ny,mae_f,visual-crossing,2.6429
2026-01-27T03:15:39.836892-05:00,2026-01-26,ny,rmse_f,visual-crossing,2.6739
2026-01-27T03:15:39.836892-05:00,2026-01-26,ny,mae_f,tomorrow,1.0543
2026-01-27T03:15:39.836892-05:00,2026-01-26,ny,rmse_f,tomorrow,1.1424
2026-01-27T03:15:39.836892-05:00,2026-01-26,ny,mae_f,weatherapi,0.5286
2026-01-27T03:15:39.836892-05:00,2026-01-26,ny,rmse_f,weatherapi,0.5916
2026-01-27T03:15:39.836892-05:00,2026-01-26,il,mae_f,consensus,0.8482
2026-01-27T03:15:39.836892-05:00,2026-01-26,il,rmse_f,consensus,0.9427
2026-01-27T03:15:39.836892-05:00,2026-01-26,il,mae_f,open-meteo,1.6778
2026-01-27T03:15:39.836892-05:00,2026-01-26,il,rmse_f,open-meteo,1.7991
2026-01-27T03:15:39.836892-05:00,2026-01-26,il,mae_f,visual-crossing,0.4444
2026-01-27T03:15:39.836892-05:00,2026-01-26,il,rmse_f,visual-crossing,0.9428
2026-01-27T03:15:39.836892-05:00,2026-01-26,il,mae_f,tomorrow,2.3233
2026-01-27T03:15:39.836892-05:00,2026-01-26,il,rmse_f,tomorrow,2.3826
2026-01-27T03:15:39.836892-05:00,2026-01-26,il,mae_f,weatherapi,5.8333
2026-01-27T03:15:39.836892-05:00,2026-01-26,il,rmse_f,weatherapi,5.8898
2026-01-27T03:15:39.836892-05:00,2026-01-26,ny,mae_f,lstm,1.4159
2026-01-27T03:15:39.836892-05:00,2026-01-26,ny,rmse_f,lstm,1.4159
2026-01-27T03:15:39.836892-05:00,2026-01-26,il,mae_f,lstm,11.1295
2026-01-27T03:15:39.836892-05:00,2026-01-26,il,rmse_f,lstm,11.1295
2026-01-27T03:15:39.836892-05:00,2026-01-26,tx,mae_f,consensus,1.8729
2026-01-27T03:15:39.836892-05:00,2026-01-26,tx,rmse_f,consensus,1.8775
2026-01-27T03:15:39.836892-05:00,2026-01-26,tx,mae_f,open-meteo,4.6000
2026-01-27T03:15:39.836892-05:00,2026-01-26,tx,rmse_f,open-meteo,4.6000
2026-01-27T03:15:39.836892-05:00,2026-01-26,tx,mae_f,visual-crossing,2.0000
2026-01-27T03:15:39.836892-05:00,2026-01-26,tx,rmse_f,visual-crossing,2.0000
2026-01-27T03:15:39.836892-05:00,2026-01-26,tx,mae_f,tomorrow,4.9600
2026-01-27T03:15:39.836892-05:00,2026-01-26,tx,rmse_f,tomorrow,4.9600
2026-01-27T03:15:39.836892-05:00,2026-01-26,tx,mae_f,weatherapi,3.4000
2026-01-27T03:15:39.836892-05:00,2026-01-26,tx,rmse_f,weatherapi,3.4000
2026-01-27T03:15:39.836892-05:00,2026-01-26,tx,mae_f,lstm,20.0553
2026-01-27T03:15:39.836892-05:00,2026-01-26,tx,rmse_f,lstm,20.0553
2026-01-27T03:15:39.836892-05:00,2026-01-26,ny,bucket_hit_rate,trade,1.0000
2026-01-27T03:15:39.836892-05:00,2026-01-26,il,bucket_hit_rate,trade,0.1111
2026-01-27T03:15:39.836892-05:00,2026-01-26,tx,bucket_hit_rate,trade,0.0000
2026-01-27T03:15:39.836892-05:00,2026-01-26,ny,realized_pnl_dollars,trade,131.36
2026-01-27T03:15:39.836892-05:00,2026-01-26,il,realized_pnl_dollars,trade,-58.57
2026-01-27T03:15:39.836892-05:00,2026-01-26,tx,realized_pnl_dollars,trade,-11.40
2026-01-27T07:15:36.429869-05:00,2026-01-26,ny,mae_f,consensus,0.8820
2026-01-27T07:15:36.429869-05:00,2026-01-26,ny,rmse_f,consensus,0.9676
2026-01-27T07:15:36.429869-05:00,2026-01-26,ny,mae_f,open-meteo,1.2571
2026-01-27T07:15:36.429869-05:00,2026-01-26,ny,rmse_f,open-meteo,1.4619
2026-01-27T07:15:36.429869-05:00,2026-01-26,ny,mae_f,visual-crossing,2.6429
2026-01-27T07:15:36.429869-05:00,2026-01-26,ny,rmse_f,visual-crossing,2.6739
2026-01-27T07:15:36.429869-05:00,2026-01-26,ny,mae_f,tomorrow,1.0543
2026-01-27T07:15:36.429869-05:00,2026-01-26,ny,rmse_f,tomorrow,1.1424
2026-01-27T07:15:36.429869-05:00,2026-01-26,ny,mae_f,weatherapi,0.5286
2026-01-27T07:15:36.429869-05:00,2026-01-26,ny,rmse_f,weatherapi,0.5916
2026-01-27T07:15:36.429869-05:00,2026-01-26,il,mae_f,consensus,0.8482
2026-01-27T07:15:36.429869-05:00,2026-01-26,il,rmse_f,consensus,0.9427
2026-01-27T07:15:36.429869-05:00,2026-01-26,il,mae_f,open-meteo,1.6778
2026-01-27T07:15:36.429869-05:00,2026-01-26,il,rmse_f,open-meteo,1.7991
2026-01-27T07:15:36.429869-05:00,2026-01-26,il,mae_f,visual-crossing,0.4444
2026-01-27T07:15:36.429869-05:00,2026-01-26,il,rmse_f,visual-crossing,0.9428
2026-01-27T07:15:36.429869-05:00,2026-01-26,il,mae_f,tomorrow,2.3233
2026-01-27T07:15:36.429869-05:00,2026-01-26,il,rmse_f,tomorrow,2.3826
2026-01-27T07:15:36.429869-05:00,2026-01-26,il,mae_f,weatherapi,5.8333
2026-01-27T07:15:36.429869-05:00,2026-01-26,il,rmse_f,weatherapi,5.8898
2026-01-27T07:15:36.429869-05:00,2026-01-26,ny,mae_f,lstm,1.4159
2026-01-27T07:15:36.429869-05:00,2026-01-26,ny,rmse_f,lstm,1.4159
2026-01-27T07:15:36.429869-05:00,2026-01-26,il,mae_f,lstm,11.1295
2026-01-27T07:15:36.429869-05:00,2026-01-26,il,rmse_f,lstm,11.1295
2026-01-27T07:15:36.429869-05:00,2026-01-26,tx,mae_f,consensus,1.8729
2026-01-27T07:15:36.429869-05:00,2026-01-26,tx,rmse_f,consensus,1.8775
2026-01-27T07:15:36.429869-05:00,2026-01-26,tx,mae_f,open-meteo,4.6000
2026-01-27T07:15:36.429869-05:00,2026-01-26,tx,rmse_f,open-meteo,4.6000
2026-01-27T07:15:36.429869-05:00,2026-01-26,tx,mae_f,visual-crossing,2.0000
2026-01-27T07:15:36.429869-05:00,2026-01-26,tx,rmse_f,visual-crossing,2.0000
2026-01-27T07:15:36.429869-05:00,2026-01-26,tx,mae_f,tomorrow,4.9600
2026-01-27T07:15:36.429869-05:00,2026-01-26,tx,rmse_f,tomorrow,4.9600
2026-01-27T07:15:36.429869-05:00,2026-01-26,tx,mae_f,weatherapi,3.4000
2026-01-27T07:15:36.429869-05:00,2026-01-26,tx,rmse_f,weatherapi,3.4000
2026-01-27T07:15:36.429869-05:00,2026-01-26,tx,mae_f,lstm,20.0553
2026-01-27T07:15:36.429869-05:00,2026-01-26,tx,rmse_f,lstm,20.0553
2026-01-27T07:15:36.429869-05:00,2026-01-26,ny,bucket_hit_rate,trade,1.0000
2026-01-27T07:15:36.429869-05:00,2026-01-26,il,bucket_hit_rate,trade,0.1111
2026-01-27T07:15:36.429869-05:00,2026-01-26,tx,bucket_hit_rate,trade,0.0000
2026-01-27T07:15:36.429869-05:00,2026-01-26,ny,realized_pnl_dollars,trade,131.36
2026-01-27T07:15:36.429869-05:00,2026-01-26,il,realized_pnl_dollars,trade,-58.57
2026-01-27T07:15:36.429869-05:00,2026-01-26,tx,realized_pnl_dollars,trade,-11.40
2026-01-28T03:15:02.554935-05:00,2026-01-27,ny,mae_f,consensus,4.2127
2026-01-28T03:15:02.554935-05:00,2026-01-27,ny,rmse_f,consensus,4.2128
2026-01-28T03:15:02.554935-05:00,2026-01-27,ny,mae_f,open-meteo,2.7000
2026-01-28T03:15:02.554935-05:00,2026-01-27,ny,rmse_f,open-meteo,3.0414
2026-01-28T03:15:02.554935-05:00,2026-01-27,ny,mae_f,visual-crossing,3.1000
2026-01-28T03:15:02.554935-05:00,2026-01-27,ny,rmse_f,visual-crossing,3.1000
2026-01-28T03:15:02.554935-05:00,2026-01-27,ny,mae_f,tomorrow,5.7400
2026-01-28T03:15:02.554935-05:00,2026-01-27,ny,rmse_f,tomorrow,5.7519
2026-01-28T03:15:02.554935-05:00,2026-01-27,ny,mae_f,weatherapi,1.9000
2026-01-28T03:15:02.554935-05:00,2026-01-27,ny,rmse_f,weatherapi,2.1954
2026-01-28T03:15:02.554935-05:00,2026-01-27,ny,mae_f,lstm,8.0960
2026-01-28T03:15:02.554935-05:00,2026-01-27,ny,rmse_f,lstm,8.0960
2026-01-28T03:15:02.554935-05:00,2026-01-27,il,mae_f,consensus,0.1611
2026-01-28T03:15:02.554935-05:00,2026-01-27,il,rmse_f,consensus,0.1642
2026-01-28T03:15:02.554935-05:00,2026-01-27,il,mae_f,open-meteo,1.7000
2026-01-28T03:15:02.554935-05:00,2026-01-27,il,rmse_f,open-meteo,1.9039
2026-01-28T03:15:02.554935-05:00,2026-01-27,il,mae_f,visual-crossing,0.1000
2026-01-28T03:15:02.554935-05:00,2026-01-27,il,rmse_f,visual-crossing,0.1000
2026-01-28T03:15:02.554935-05:00,2026-01-27,il,mae_f,tomorrow,1.7375
2026-01-28T03:15:02.554935-05:00,2026-01-27,il,rmse_f,tomorrow,1.9030
2026-01-28T03:15:02.554935-05:00,2026-01-27,il,mae_f,weatherapi,0.4250
2026-01-28T03:15:02.554935-05:00,2026-01-27,il,rmse_f,weatherapi,0.4272
2026-01-28T03:15:02.554935-05:00,2026-01-27,il,mae_f,lstm,3.4782
2026-01-28T03:15:02.554935-05:00,2026-01-27,il,rmse_f,lstm,3.4782
2026-01-28T03:15:02.554935-05:00,2026-01-27,tx,mae_f,consensus,2.6770
2026-01-28T03:15:02.554935-05:00,2026-01-27,tx,rmse_f,consensus,2.7511
2026-01-28T03:15:02.554935-05:00,2026-01-27,tx,mae_f,open-meteo,2.9600
2026-01-28T03:15:02.554935-05:00,2026-01-27,tx,rmse_f,open-meteo,3.0874
2026-01-28T03:15:02.554935-05:00,2026-01-27,tx,mae_f,visual-crossing,3.4800
2026-01-28T03:15:02.554935-05:00,2026-01-27,tx,rmse_f,visual-crossing,3.6943
2026-01-28T03:15:02.554935-05:00,2026-01-27,tx,mae_f,tomorrow,4.1400
2026-01-28T03:15:02.554935-05:00,2026-01-27,tx,rmse_f,tomorrow,4.1864
2026-01-28T03:15:02.554935-05:00,2026-01-27,tx,mae_f,weatherapi,1.3800
2026-01-28T03:15:02.554935-05:00,2026-01-27,tx,rmse_f,weatherapi,1.3849
2026-01-28T03:15:02.554935-05:00,2026-01-27,tx,mae_f,lstm,6.3212
2026-01-28T03:15:02.554935-05:00,2026-01-27,tx,rmse_f,lstm,6.3253
2026-01-28T03:15:02.554935-05:00,2026-01-27,ny,bucket_hit_rate,trade,0.0000
2026-01-28T03:15:02.554935-05:00,2026-01-27,il,bucket_hit_rate,trade,1.0000
2026-01-28T03:15:02.554935-05:00,2026-01-27,tx,bucket_hit_rate,trade,0.0000
2026-01-28T03:15:02.554935-05:00,2026-01-27,ny,realized_pnl_dollars,trade,-12.20
2026-01-28T03:15:02.554935-05:00,2026-01-27,il,realized_pnl_dollars,trade,42.84
2026-01-28T03:15:02.554935-05:00,2026-01-27,tx,realized_pnl_dollars,trade,-29.70
2026-01-28T03:15:03.451676-05:00,2026-01-27,ny,mae_f,consensus,4.2127
2026-01-28T03:15:03.451676-05:00,2026-01-27,ny,rmse_f,consensus,4.2128
2026-01-28T03:15:03.451676-05:00,2026-01-27,ny,mae_f,open-meteo,2.7000
2026-01-28T03:15:03.451676-05:00,2026-01-27,ny,rmse_f,open-meteo,3.0414
2026-01-28T03:15:03.451676-05:00,2026-01-27,ny,mae_f,visual-crossing,3.1000
2026-01-28T03:15:03.451676-05:00,2026-01-27,ny,rmse_f,visual-crossing,3.1000
2026-01-28T03:15:03.451676-05:00,2026-01-27,ny,mae_f,tomorrow,5.7400
2026-01-28T03:15:03.451676-05:00,2026-01-27,ny,rmse_f,tomorrow,5.7519
2026-01-28T03:15:03.451676-05:00,2026-01-27,ny,mae_f,weatherapi,1.9000
2026-01-28T03:15:03.451676-05:00,2026-01-27,ny,rmse_f,weatherapi,2.1954
2026-01-28T03:15:03.451676-05:00,2026-01-27,ny,mae_f,lstm,8.0960
2026-01-28T03:15:03.451676-05:00,2026-01-27,ny,rmse_f,lstm,8.0960
2026-01-28T03:15:03.451676-05:00,2026-01-27,il,mae_f,consensus,0.1611
2026-01-28T03:15:03.451676-05:00,2026-01-27,il,rmse_f,consensus,0.1642
2026-01-28T03:15:03.451676-05:00,2026-01-27,il,mae_f,open-meteo,1.7000
2026-01-28T03:15:03.451676-05:00,2026-01-27,il,rmse_f,open-meteo,1.9039
2026-01-28T03:15:03.451676-05:00,2026-01-27,il,mae_f,visual-crossing,0.1000
2026-01-28T03:15:03.451676-05:00,2026-01-27,il,rmse_f,visual-crossing,0.1000
2026-01-28T03:15:03.451676-05:00,2026-01-27,il,mae_f,tomorrow,1.7375
2026-01-28T03:15:03.451676-05:00,2026-01-27,il,rmse_f,tomorrow,1.9030
2026-01-28T03:15:03.451676-05:00,2026-01-27,il,mae_f,weatherapi,0.4250
2026-01-28T03:15:03.451676-05:00,2026-01-27,il,rmse_f,weatherapi,0.4272
2026-01-28T03:15:03.451676-05:00,2026-01-27,il,mae_f,lstm,3.4782
2026-01-28T03:15:03.451676-05:00,2026-01-27,il,rmse_f,lstm,3.4782
2026-01-28T03:15:03.451676-05:00,2026-01-27,tx,mae_f,consensus,2.6770
2026-01-28T03:15:03.451676-05:00,2026-01-27,tx,rmse_f,consensus,2.7511
2026-01-28T03:15:03.451676-05:00,2026-01-27,tx,mae_f,open-meteo,2.9600
2026-01-28T03:15:03.451676-05:00,2026-01-27,tx,rmse_f,open-meteo,3.0874
2026-01-28T03:15:03.451676-05:00,2026-01-27,tx,mae_f,visual-crossing,3.4800
2026-01-28T03:15:03.451676-05:00,2026-01-27,tx,rmse_f,visual-crossing,3.6943
2026-01-28T03:15:03.451676-05:00,2026-01-27,tx,mae_f,tomorrow,4.1400
2026-01-28T03:15:03.451676-05:00,2026-01-27,tx,rmse_f,tomorrow,4.1864
2026-01-28T03:15:03.451676-05:00,2026-01-27,tx,mae_f,weatherapi,1.3800
2026-01-28T03:15:03.451676-05:00,2026-01-27,tx,rmse_f,weatherapi,1.3849
2026-01-28T03:15:03.451676-05:00,2026-01-27,tx,mae_f,lstm,6.3212
2026-01-28T03:15:03.451676-05:00,2026-01-27,tx,rmse_f,lstm,6.3253
2026-01-28T03:15:03.451676-05:00,2026-01-27,ny,bucket_hit_rate,trade,0.0000
2026-01-28T03:15:03.451676-05:00,2026-01-27,il,bucket_hit_rate,trade,1.0000
2026-01-28T03:15:03.451676-05:00,2026-01-27,tx,bucket_hit_rate,trade,0.0000
2026-01-28T03:15:03.451676-05:00,2026-01-27,ny,realized_pnl_dollars,trade,-12.20
2026-01-28T03:15:03.451676-05:00,2026-01-27,il,realized_pnl_dollars,trade,42.84
2026-01-28T03:15:03.451676-05:00,2026-01-27,tx,realized_pnl_dollars,trade,-29.70
2026-01-28T07:15:01.275601-05:00,2026-01-27,ny,mae_f,consensus,4.2127
2026-01-28T07:15:01.275601-05:00,2026-01-27,ny,rmse_f,consensus,4.2128
2026-01-28T07:15:01.275601-05:00,2026-01-27,ny,mae_f,open-meteo,2.7000
2026-01-28T07:15:01.275601-05:00,2026-01-27,ny,rmse_f,open-meteo,3.0414
2026-01-28T07:15:01.275601-05:00,2026-01-27,ny,mae_f,visual-crossing,3.1000
2026-01-28T07:15:01.275601-05:00,2026-01-27,ny,rmse_f,visual-crossing,3.1000
2026-01-28T07:15:01.275601-05:00,2026-01-27,ny,mae_f,tomorrow,5.7400
2026-01-28T07:15:01.275601-05:00,2026-01-27,ny,rmse_f,tomorrow,5.7519
2026-01-28T07:15:01.275601-05:00,2026-01-27,ny,mae_f,weatherapi,1.9000
2026-01-28T07:15:01.275601-05:00,2026-01-27,ny,rmse_f,weatherapi,2.1954
2026-01-28T07:15:01.275601-05:00,2026-01-27,ny,mae_f,lstm,8.0960
2026-01-28T07:15:01.275601-05:00,2026-01-27,ny,rmse_f,lstm,8.0960
2026-01-28T07:15:01.275601-05:00,2026-01-27,il,mae_f,consensus,0.1611
2026-01-28T07:15:01.275601-05:00,2026-01-27,il,rmse_f,consensus,0.1642
2026-01-28T07:15:01.275601-05:00,2026-01-27,il,mae_f,open-meteo,1.7000
2026-01-28T07:15:01.275601-05:00,2026-01-27,il,rmse_f,open-meteo,1.9039
2026-01-28T07:15:01.275601-05:00,2026-01-27,il,mae_f,visual-crossing,0.1000
2026-01-28T07:15:01.275601-05:00,2026-01-27,il,rmse_f,visual-crossing,0.1000
2026-01-28T07:15:01.275601-05:00,2026-01-27,il,mae_f,tomorrow,1.7375
2026-01-28T07:15:01.275601-05:00,2026-01-27,il,rmse_f,tomorrow,1.9030
2026-01-28T07:15:01.275601-05:00,2026-01-27,il,mae_f,weatherapi,0.4250
2026-01-28T07:15:01.275601-05:00,2026-01-27,il,rmse_f,weatherapi,0.4272
2026-01-28T07:15:01.275601-05:00,2026-01-27,il,mae_f,lstm,3.4782
2026-01-28T07:15:01.275601-05:00,2026-01-27,il,rmse_f,lstm,3.4782
2026-01-28T07:15:01.275601-05:00,2026-01-27,tx,mae_f,consensus,2.6770
2026-01-28T07:15:01.275601-05:00,2026-01-27,tx,rmse_f,consensus,2.7511
2026-01-28T07:15:01.275601-05:00,2026-01-27,tx,mae_f,open-meteo,2.9600
2026-01-28T07:15:01.275601-05:00,2026-01-27,tx,rmse_f,open-meteo,3.0874
2026-01-28T07:15:01.275601-05:00,2026-01-27,tx,mae_f,visual-crossing,3.4800
2026-01-28T07:15:01.275601-05:00,2026-01-27,tx,rmse_f,visual-crossing,3.6943
2026-01-28T07:15:01.275601-05:00,2026-01-27,tx,mae_f,tomorrow,4.1400
2026-01-28T07:15:01.275601-05:00,2026-01-27,tx,rmse_f,tomorrow,4.1864
2026-01-28T07:15:01.275601-05:00,2026-01-27,tx,mae_f,weatherapi,1.3800
2026-01-28T07:15:01.275601-05:00,2026-01-27,tx,rmse_f,weatherapi,1.3849
2026-01-28T07:15:01.275601-05:00,2026-01-27,tx,mae_f,lstm,6.3212
2026-01-28T07:15:01.275601-05:00,2026-01-27,tx,rmse_f,lstm,6.3253
2026-01-28T07:15:01.275601-05:00,2026-01-27,ny,bucket_hit_rate,trade,0.0000
2026-01-28T07:15:01.275601-05:00,2026-01-27,il,bucket_hit_rate,trade,1.0000
2026-01-28T07:15:01.275601-05:00,2026-01-27,tx,bucket_hit_rate,trade,0.0000
2026-01-28T07:15:01.275601-05:00,2026-01-27,ny,realized_pnl_dollars,trade,-12.20
2026-01-28T07:15:01.275601-05:00,2026-01-27,il,realized_pnl_dollars,trade,42.84
2026-01-28T07:15:01.275601-05:00,2026-01-27,tx,realized_pnl_dollars,trade,-29.70
