run_ts,env,trade_date,city,series_ticker,event_ticker,market_ticker,market_subtitle,pred_tmax_f,side,count,yes_price,no_price,send_orders
2026-01-23T15:57:53.043616-05:00,demo,2026-01-23,ny,KXHIGHNY,KXHIGHNY-26JAN23,KXHIGHNY-26JAN23-T39,40° or above,40.1500,yes,10,50,50,False
2026-01-23T15:57:53.464667-05:00,demo,2026-01-23,il,KXHIGHCHI,KXHIGHCHI-26JAN23,KXHIGHCHI-26JAN23-B7.5,7° to 8°,7.9625,yes,10,50,50,False
2026-01-23T15:57:53.870929-05:00,demo,2026-01-23,tx,KXHIGHAUS,KXHIGHAUS-26JAN23,KXHIGHAUS-26JAN23-B67.5,67° to 68°,67.5325,yes,10,50,50,False
2026-01-23T15:57:54.309861-05:00,demo,2026-01-23,fl,KXHIGHMIA,KXHIGHMIA-26JAN23,KXHIGHMIA-26JAN23-B79.5,79° to 80°,79.4300,yes,10,50,50,False
2026-01-23T16:20:45.594346-05:00,demo,2026-01-24,ny,KXHIGHNY,KXHIGHNY-26JAN24,KXHIGHNY-26JAN24-T16,15° or below,19.5725,yes,10,50,50,False
2026-01-23T16:20:46.016240-05:00,demo,2026-01-24,il,KXHIGHCHI,KXHIGHCHI-26JAN24,KXHIGHCHI-26JAN24-B9.5,9° to 10°,9.0850,yes,10,50,50,False
2026-01-23T16:20:46.437082-05:00,demo,2026-01-24,tx,KXHIGHAUS,KXHIGHAUS-26JAN24,KXHIGHAUS-26JAN24-T55,54° or below,49.8725,yes,10,50,50,False
2026-01-23T16:20:46.853446-05:00,demo,2026-01-24,fl,KXHIGHMIA,KXHIGHMIA-26JAN24,KXHIGHMIA-26JAN24-T77,76° or below,75.8850,yes,10,50,50,False
2026-01-23T16:23:08.462099-05:00,demo,2026-01-24,ny,KXHIGHNY,KXHIGHNY-26JAN24,KXHIGHNY-26JAN24-T16,15° or below,19.5725,yes,10,50,50,False
2026-01-23T16:23:09.047982-05:00,demo,2026-01-24,il,KXHIGHCHI,KXHIGHCHI-26JAN24,KXHIGHCHI-26JAN24-B9.5,9° to 10°,9.0850,yes,10,50,50,False
2026-01-23T16:23:09.439440-05:00,demo,2026-01-24,tx,KXHIGHAUS,KXHIGHAUS-26JAN24,KXHIGHAUS-26JAN24-T55,54° or below,49.8725,yes,10,50,50,False
2026-01-23T16:23:09.886149-05:00,demo,2026-01-24,fl,KXHIGHMIA,KXHIGHMIA-26JAN24,KXHIGHMIA-26JAN24-T77,76° or below,75.8850,yes,10,50,50,False
2026-01-23T16:25:40.100623-05:00,demo,2026-01-24,ny,KXHIGHNY,KXHIGHNY-26JAN24,KXHIGHNY-26JAN24-B20.5,20° to 21°,19.5725,yes,10,50,50,False
2026-01-23T16:25:40.516847-05:00,demo,2026-01-24,il,KXHIGHCHI,KXHIGHCHI-26JAN24,KXHIGHCHI-26JAN24-B9.5,9° to 10°,9.0850,yes,10,50,50,False
2026-01-23T16:25:41.089490-05:00,demo,2026-01-24,tx,KXHIGHAUS,KXHIGHAUS-26JAN24,KXHIGHAUS-26JAN24-T55,54° or below,49.8725,yes,10,50,50,False
2026-01-23T16:25:41.453977-05:00,demo,2026-01-24,fl,KXHIGHMIA,KXHIGHMIA-26JAN24,KXHIGHMIA-26JAN24-T77,76° or below,75.8850,yes,10,50,50,False
2026-01-23T16:26:19.454220-05:00,demo,2026-01-24,ny,KXHIGHNY,KXHIGHNY-26JAN24,KXHIGHNY-26JAN24-B20.5,20° to 21°,19.5725,yes,10,50,50,False
2026-01-23T16:26:20.036270-05:00,demo,2026-01-24,il,KXHIGHCHI,KXHIGHCHI-26JAN24,KXHIGHCHI-26JAN24-B9.5,9° to 10°,9.0850,yes,10,50,50,False
2026-01-23T16:26:20.398649-05:00,demo,2026-01-24,tx,KXHIGHAUS,KXHIGHAUS-26JAN24,KXHIGHAUS-26JAN24-T55,54° or below,49.8725,yes,10,50,50,False
2026-01-23T16:26:20.772210-05:00,demo,2026-01-24,fl,KXHIGHMIA,KXHIGHMIA-26JAN24,KXHIGHMIA-26JAN24-T77,76° or below,75.8850,yes,10,50,50,False
2026-01-23T16:58:02.399913-05:00,demo,2026-01-24,il,KXHIGHCHI,KXHIGHCHI-26JAN24,KXHIGHCHI-26JAN24-B9.5,9° to 10°,9.7016,yes,10,50,50,False
2026-01-23T16:58:02.829796-05:00,demo,2026-01-24,fl,KXHIGHMIA,KXHIGHMIA-26JAN24,KXHIGHMIA-26JAN24-T77,76° or below,76.2463,yes,10,50,50,False
2026-01-23T16:58:52.924166-05:00,demo,2026-01-24,il,KXHIGHCHI,KXHIGHCHI-26JAN24,KXHIGHCHI-26JAN24-B9.5,9° to 10°,9.0850,yes,10,50,50,False
2026-01-23T16:58:53.226310-05:00,demo,2026-01-24,fl,KXHIGHMIA,KXHIGHMIA-26JAN24,KXHIGHMIA-26JAN24-T77,76° or below,75.8850,yes,10,50,50,False
2026-01-23T17:33:25.036683-05:00,demo,2026-01-24,fl,KXHIGHMIA,KXHIGHMIA-26JAN24,KXHIGHMIA-26JAN24-T77,76° or below,75.9100,yes,10,1,99,False
2026-01-23T17:37:27.754817-05:00,demo,2026-01-24,fl,KXHIGHMIA,KXHIGHMIA-26JAN24,KXHIGHMIA-26JAN24-T77,76° or below,75.9100,yes,10,1,99,False
2026-01-23T18:08:14.445925-05:00,demo,2026-01-24,fl,KXHIGHMIA,KXHIGHMIA-26JAN24,KXHIGHMIA-26JAN24-T77,76° or below,75.9100,yes,10,1,99,False
2026-01-23T18:09:04.682051-05:00,demo,2026-01-24,fl,KXHIGHMIA,KXHIGHMIA-26JAN24,KXHIGHMIA-26JAN24-T77,76° or below,75.5800,yes,10,1,99,False
2026-01-23T18:14:46.299493-05:00,demo,2026-01-24,fl,KXHIGHMIA,KXHIGHMIA-26JAN24,KXHIGHMIA-26JAN24-T77,76° or below,75.8325,yes,10,1,99,False
2026-01-23T18:15:36.356161-05:00,demo,2026-01-24,fl,KXHIGHMIA,KXHIGHMIA-26JAN24,KXHIGHMIA-26JAN24-T77,76° or below,75.8325,yes,10,1,99,False
2026-01-23T18:21:36.539974-05:00,demo,2026-01-24,fl,KXHIGHMIA,KXHIGHMIA-26JAN24,KXHIGHMIA-26JAN24-T77,76° or below,76.2660,yes,10,1,99,False
2026-01-23T18:42:02.464966-05:00,demo,2026-01-24,fl,KXHIGHMIA,KXHIGHMIA-26JAN24,KXHIGHMIA-26JAN24-T77,76° or below,76.3860,yes,10,1,99,False
2026-01-23T18:55:09.214701-05:00,demo,2026-01-24,fl,KXHIGHMIA,KXHIGHMIA-26JAN24,KXHIGHMIA-26JAN24-T77,76° or below,76.4250,yes,10,1,99,False
2026-01-23T19:15:49.155583-05:00,prod,2026-01-24,fl,KXHIGHMIA,KXHIGHMIA-26JAN24,KXHIGHMIA-26JAN24-T77,76° or below,76.5457,yes,10,4,99,False
2026-01-23T20:15:02.489867-05:00,prod,2026-01-24,fl,KXHIGHMIA,KXHIGHMIA-26JAN24,KXHIGHMIA-26JAN24-T77,76° or below,76.7129,yes,4,4,99,True
2026-01-23T21:15:46.981354-05:00,prod,2026-01-24,fl,KXHIGHMIA,KXHIGHMIA-26JAN24,KXHIGHMIA-26JAN24-T77,76° or below,76.6714,yes,65,6,99,False
2026-01-24T10:39:12.803405-05:00,prod,2026-01-24,fl,KXHIGHMIA,KXHIGHMIA-26JAN24,KXHIGHMIA-26JAN24-T77,76° or below,78.2888,yes,6,1,99,False
2026-01-24T11:02:17.176984-05:00,prod,2026-01-24,il,KXHIGHCHI,KXHIGHCHI-26JAN24,KXHIGHCHI-26JAN24-B9.5,9° to 10°,9.5562,yes,1,68,99,False
2026-01-24T11:02:18.162047-05:00,prod,2026-01-24,fl,KXHIGHMIA,KXHIGHMIA-26JAN24,KXHIGHMIA-26JAN24-B77.5,77° to 78°,78.2888,yes,6,1,99,False
2026-01-24T11:02:53.248259-05:00,prod,2026-01-24,il,KXHIGHCHI,KXHIGHCHI-26JAN24,KXHIGHCHI-26JAN24-B9.5,9° to 10°,9.5562,yes,1,67,99,False
2026-01-24T11:02:54.266867-05:00,prod,2026-01-24,fl,KXHIGHMIA,KXHIGHMIA-26JAN24,KXHIGHMIA-26JAN24-B77.5,77° to 78°,78.2888,yes,6,1,99,False
2026-01-24T11:22:39.500429-05:00,prod,2026-01-24,il,KXHIGHCHI,KXHIGHCHI-26JAN24,KXHIGHCHI-26JAN24-B9.5,9° to 10°,9.5562,yes,10,73,99,True
2026-01-24T11:24:17.951111-05:00,prod,2026-01-25,tx,KXHIGHAUS,KXHIGHAUS-26JAN25,KXHIGHAUS-26JAN25-B28.5,28° to 29°,29.0512,yes,25,14,99,False
2026-01-24T11:24:19.078341-05:00,prod,2026-01-25,fl,KXHIGHMIA,KXHIGHMIA-26JAN25,KXHIGHMIA-26JAN25-T78,77° or below,77.2812,yes,25,2,99,False
2026-01-24T12:04:57.383761-05:00,prod,2026-01-25,tx,KXHIGHAUS,KXHIGHAUS-26JAN25,KXHIGHAUS-26JAN25-B28.5,28° to 29°,29.4550,yes,25,17,99,False
2026-01-24T12:04:57.814796-05:00,prod,2026-01-25,fl,KXHIGHMIA,KXHIGHMIA-26JAN25,KXHIGHMIA-26JAN25-T78,77° or below,77.2737,yes,25,4,99,False
2026-01-24T12:05:19.550143-05:00,prod,2026-01-24,il,KXHIGHCHI,KXHIGHCHI-26JAN24,KXHIGHCHI-26JAN24-B9.5,9° to 10°,9.4563,yes,10,57,99,False
2026-01-24T12:05:19.953055-05:00,prod,2026-01-24,fl,KXHIGHMIA,KXHIGHMIA-26JAN24,KXHIGHMIA-26JAN24-B79.5,79° to 80°,78.8900,yes,25,1,99,False
2026-01-24T12:14:22.090506-05:00,prod,2026-01-25,tx,KXHIGHAUS,KXHIGHAUS-26JAN25,KXHIGHAUS-26JAN25-B28.5,28° to 29°,29.4550,yes,25,16,99,False
2026-01-24T12:14:22.451664-05:00,prod,2026-01-25,fl,KXHIGHMIA,KXHIGHMIA-26JAN25,KXHIGHMIA-26JAN25-T78,77° or below,77.2737,yes,25,4,99,False
2026-01-24T12:27:35.922401-05:00,prod,2026-01-25,il,KXHIGHCHI,KXHIGHCHI-26JAN25,KXHIGHCHI-26JAN25-B16.5,16° to 17°,17.4825,yes,16,25,99,False
2026-01-24T12:27:36.291820-05:00,prod,2026-01-25,tx,KXHIGHAUS,KXHIGHAUS-26JAN25,KXHIGHAUS-26JAN25-B28.5,28° to 29°,29.4100,yes,25,15,99,False
2026-01-24T12:30:21.044586-05:00,prod,2026-01-25,il,KXHIGHCHI,KXHIGHCHI-26JAN25,KXHIGHCHI-26JAN25-B16.5,16° to 17°,17.4825,yes,16,25,99,False
2026-01-24T12:30:21.424105-05:00,prod,2026-01-25,tx,KXHIGHAUS,KXHIGHAUS-26JAN25,KXHIGHAUS-26JAN25-B28.5,28° to 29°,29.3725,yes,25,15,99,False
2026-01-24T13:08:46.438160-05:00,prod,2026-01-24,il,KXHIGHCHI,KXHIGHCHI-26JAN24,KXHIGHCHI-26JAN24-B9.5,9° to 10°,9.4575,yes,20,29,99,False
2026-01-24T13:08:46.910920-05:00,prod,2026-01-24,fl,KXHIGHMIA,KXHIGHMIA-26JAN24,KXHIGHMIA-26JAN24-B79.5,79° to 80°,78.6325,yes,25,1,99,False
2026-01-24T20:50:26.249647-05:00,prod,2026-01-25,il,KXHIGHCHI,KXHIGHCHI-26JAN25,KXHIGHCHI-26JAN25-B18.5,18° to 19°,18.3900,yes,16,32,99,False
2026-01-24T20:50:26.670492-05:00,prod,2026-01-25,fl,KXHIGHMIA,KXHIGHMIA-26JAN25,KXHIGHMIA-26JAN25-T78,77° or below,76.5300,yes,129,4,99,False
2026-01-24T20:53:04.514384-05:00,prod,2026-01-25,il,KXHIGHCHI,KXHIGHCHI-26JAN25,KXHIGHCHI-26JAN25-B18.5,18° to 19°,18.3900,yes,16,31,99,False
2026-01-24T20:53:04.953865-05:00,prod,2026-01-25,fl,KXHIGHMIA,KXHIGHMIA-26JAN25,KXHIGHMIA-26JAN25-T78,77° or below,76.5300,yes,129,4,99,False
2026-01-24T22:41:07.456894-05:00,prod,2026-01-25,il,KXHIGHCHI,KXHIGHCHI-26JAN25,KXHIGHCHI-26JAN25-B18.5,18° to 19°,17.7975,yes,24,30,99,True
2026-01-24T22:41:08.229557-05:00,prod,2026-01-25,fl,KXHIGHMIA,KXHIGHMIA-26JAN25,KXHIGHMIA-26JAN25-B78.5,78° to 79°,78.4875,yes,77,7,99,True
2026-01-25T19:26:58.509023-05:00,prod,2026-01-26,ny,KXHIGHNY,KXHIGHNY-26JAN26,KXHIGHNY-26JAN26-B27.5,27° to 28°,28.1650,yes,18,34,99,False
2026-01-25T19:26:58.934963-05:00,prod,2026-01-26,il,KXHIGHCHI,KXHIGHCHI-26JAN26,KXHIGHCHI-26JAN26-B7.5,7° to 8°,8.3105,yes,24,26,99,False
2026-01-25T20:23:19.299079-05:00,prod,2026-01-26,ny,KXHIGHNY,KXHIGHNY-26JAN26,KXHIGHNY-26JAN26-B27.5,27° to 28°,28.1650,yes,21,32,99,False
2026-01-25T20:23:19.620789-05:00,prod,2026-01-26,il,KXHIGHCHI,KXHIGHCHI-26JAN26,KXHIGHCHI-26JAN26-B7.5,7° to 8°,8.3105,yes,25,26,99,False
2026-01-25T22:00:12.930677-05:00,demo,2026-01-26,il,KXHIGHCHI,KXHIGHCHI-26JAN26,KXHIGHCHI-26JAN26-B7.5,7° to 8°,8.3413,yes,12,100,99,False
2026-01-25T22:00:13.890921-05:00,demo,2026-01-26,il,KXHIGHCHI,KXHIGHCHI-26JAN26,KXHIGHCHI-26JAN26-B7.5,7° to 8°,8.3413,yes,12,100,99,False
2026-01-25T22:15:50.391780-05:00,prod,2026-01-26,ny,KXHIGHNY,KXHIGHNY-26JAN26,KXHIGHNY-26JAN26-B27.5,27° to 28°,28.1077,yes,110,34,99,False
2026-01-25T22:23:11.425372-05:00,prod,2026-01-26,ny,KXHIGHNY,KXHIGHNY-26JAN26,KXHIGHNY-26JAN26-B27.5,27° to 28°,28.1131,yes,20,34,99,False
2026-01-25T22:23:11.948553-05:00,prod,2026-01-26,il,KXHIGHCHI,KXHIGHCHI-26JAN26,KXHIGHCHI-26JAN26-B7.5,7° to 8°,8.3419,yes,29,24,99,False
2026-01-25T22:23:12.347115-05:00,prod,2026-01-26,fl,KXHIGHMIA,KXHIGHMIA-26JAN26,KXHIGHMIA-26JAN26-B83.5,83° to 84°,82.6985,yes,30,23,99,False
2026-01-25T22:30:06.224922-05:00,demo,2026-01-26,il,KXHIGHCHI,KXHIGHCHI-26JAN26,KXHIGHCHI-26JAN26-B7.5,7° to 8°,8.3419,yes,12,100,99,False
2026-01-25T22:39:38.304467-05:00,prod,2026-01-26,il,KXHIGHCHI,KXHIGHCHI-26JAN26,KXHIGHCHI-26JAN26-B7.5,7° to 8°,8.3419,yes,28,24,99,True
2026-01-25T22:39:39.002177-05:00,prod,2026-01-26,fl,KXHIGHMIA,KXHIGHMIA-26JAN26,KXHIGHMIA-26JAN26-B83.5,83° to 84°,82.6985,yes,28,24,99,True
2026-01-25T22:48:00.075429-05:00,prod,2026-01-26,ny,KXHIGHNY,KXHIGHNY-26JAN26,KXHIGHNY-26JAN26-B27.5,27° to 28°,28.1131,yes,12,38,99,True
2026-01-26T09:37:21.844130-05:00,prod,2026-01-26,ny,KXHIGHNY,KXHIGHNY-26JAN26,KXHIGHNY-26JAN26-B27.5,27° to 28°,27.2066,yes,12,48,99,False
2026-01-26T09:37:22.222215-05:00,prod,2026-01-26,il,KXHIGHCHI,KXHIGHCHI-26JAN26,KXHIGHCHI-26JAN26-B9.5,9° to 10°,9.9868,yes,15,39,99,False
2026-01-26T09:37:22.629676-05:00,prod,2026-01-26,tx,KXHIGHAUS,KXHIGHAUS-26JAN26,KXHIGHAUS-26JAN26-B35.5,35° to 36°,35.2581,yes,12,50,99,False
2026-01-26T09:37:23.035665-05:00,prod,2026-01-26,fl,KXHIGHMIA,KXHIGHMIA-26JAN26,KXHIGHMIA-26JAN26-B83.5,83° to 84°,83.2965,yes,24,25,99,False
2026-01-26T09:53:10.551676-05:00,prod,2026-01-26,ny,KXHIGHNY,KXHIGHNY-26JAN26,KXHIGHNY-26JAN26-B27.5,27° to 28°,27.3036,yes,11,48,99,False
2026-01-26T09:53:10.930516-05:00,prod,2026-01-26,il,KXHIGHCHI,KXHIGHCHI-26JAN26,KXHIGHCHI-26JAN26-B11.5,11° to 12°,10.9765,yes,10,53,99,False
2026-01-26T09:53:11.310682-05:00,prod,2026-01-26,tx,KXHIGHAUS,KXHIGHAUS-26JAN26,KXHIGHAUS-26JAN26-B35.5,35° to 36°,34.9960,yes,10,54,99,False
2026-01-26T09:53:11.717023-05:00,prod,2026-01-26,fl,KXHIGHMIA,KXHIGHMIA-26JAN26,KXHIGHMIA-26JAN26-B83.5,83° to 84°,83.6886,yes,25,17,99,False
2026-01-26T16:44:48.404153-05:00,prod,2026-01-27,ny,KXHIGHNY,KXHIGHNY-26JAN27,KXHIGHNY-26JAN27-B18.5,18° to 19°,17.8168,yes,19,32,99,False
2026-01-26T16:44:48.788988-05:00,prod,2026-01-27,il,KXHIGHCHI,KXHIGHCHI-26JAN27,KXHIGHCHI-26JAN27-B13.5,13° to 14°,13.8569,yes,17,35,99,False
2026-01-26T16:44:49.192884-05:00,prod,2026-01-27,tx,KXHIGHAUS,KXHIGHAUS-26JAN27,KXHIGHAUS-26JAN27-B47.5,47° to 48°,46.6968,yes,16,38,99,False
2026-01-26T16:47:47.583303-05:00,prod,2026-01-27,il,KXHIGHCHI,KXHIGHCHI-26JAN27,KXHIGHCHI-26JAN27-B13.5,13° to 14°,13.8569,yes,17,35,99,False
2026-01-26T16:47:47.966445-05:00,prod,2026-01-27,tx,KXHIGHAUS,KXHIGHAUS-26JAN27,KXHIGHAUS-26JAN27-B47.5,47° to 48°,46.6968,yes,16,38,99,False
2026-01-26T21:02:56.568108-05:00,prod,2026-01-27,il,KXHIGHCHI,KXHIGHCHI-26JAN27,KXHIGHCHI-26JAN27-B13.5,13° to 14°,13.7839,yes,17,41,99,False
2026-01-26T21:02:56.872510-05:00,prod,2026-01-27,tx,KXHIGHAUS,KXHIGHAUS-26JAN27,KXHIGHAUS-26JAN27-B47.5,47° to 48°,47.5335,yes,21,34,99,False
2026-01-26T22:30:21.795153-05:00,prod,2026-01-27,ny,KXHIGHNY,KXHIGHNY-26JAN27,KXHIGHNY-26JAN27-B18.5,18° to 19°,17.7579,yes,18,34,99,True
2026-01-26T22:30:22.530714-05:00,prod,2026-01-27,il,KXHIGHCHI,KXHIGHCHI-26JAN27,KXHIGHCHI-26JAN27-B13.5,13° to 14°,13.8580,yes,17,37,99,True
2026-01-26T22:30:23.275998-05:00,prod,2026-01-27,tx,KXHIGHAUS,KXHIGHAUS-26JAN27,KXHIGHAUS-26JAN27-B47.5,47° to 48°,47.2777,yes,21,30,99,True
2026-01-27T13:01:16.252373-05:00,prod,2026-01-27,tx,KXHIGHAUS,KXHIGHAUS-26JAN27,KXHIGHAUS-26JAN27-B47.5,47° to 48°,48.4104,yes,10,41,99,False
2026-01-27T23:48:53.829115-05:00,prod,2026-01-28,ny,KXHIGHNY,KXHIGHNY-26JAN28,KXHIGHNY-26JAN28-B21.5,21° to 22°,21.9063,yes,16,31,99,False
2026-01-28T07:00:42.370526-05:00,prod,2026-01-28,ny,KXHIGHNY,KXHIGHNY-26JAN28,KXHIGHNY-26JAN28-B21.5,21° to 22°,21.9905,yes,27,19,99,True
2026-01-28T07:00:42.951486-05:00,prod,2026-01-28,tx,KXHIGHAUS,KXHIGHAUS-26JAN28,KXHIGHAUS-26JAN28-B52.5,52° to 53°,53.0993,yes,19,26,99,True
2026-01-28T19:29:33.502977-05:00,prod,2026-01-29,ny,KXHIGHNY,KXHIGHNY-26JAN29,KXHIGHNY-26JAN29-B21.5,21° to 22°,21.3932,yes,11,34,99,False
2026-01-28T19:29:34.810337-05:00,prod,2026-01-29,il,KXHIGHCHI,KXHIGHCHI-26JAN29,KXHIGHCHI-26JAN29-B16.5,16° to 17°,15.5083,yes,9,39,99,False
2026-01-28T19:29:36.124420-05:00,prod,2026-01-29,tx,KXHIGHAUS,KXHIGHAUS-26JAN29,KXHIGHAUS-26JAN29-B67.5,67° to 68°,66.8431,yes,10,36,99,False
2026-01-28T19:29:37.534211-05:00,prod,2026-01-29,fl,KXHIGHMIA,KXHIGHMIA-26JAN29,KXHIGHMIA-26JAN29-B70.5,70° to 71°,69.8378,yes,8,47,99,False
2026-01-28T21:19:29.290312-05:00,prod,2026-01-29,ny,KXHIGHNY,KXHIGHNY-26JAN29,KXHIGHNY-26JAN29-B21.5,21° to 22°,21.4249,yes,11,35,99,False
2026-01-28T21:19:30.648814-05:00,prod,2026-01-29,il,KXHIGHCHI,KXHIGHCHI-26JAN29,KXHIGHCHI-26JAN29-B16.5,16° to 17°,15.6839,yes,9,42,99,False
2026-01-28T21:19:31.947321-05:00,prod,2026-01-29,tx,KXHIGHAUS,KXHIGHAUS-26JAN29,KXHIGHAUS-26JAN29-B67.5,67° to 68°,67.2546,yes,10,38,99,False
2026-01-28T21:19:33.256012-05:00,prod,2026-01-29,fl,KXHIGHMIA,KXHIGHMIA-26JAN29,KXHIGHMIA-26JAN29-B70.5,70° to 71°,69.8336,yes,8,45,99,False
2026-01-28T21:24:14.321107-05:00,prod,2026-01-29,ny,KXHIGHNY,KXHIGHNY-26JAN29,KXHIGHNY-26JAN29-B21.5,21° to 22°,21.4249,yes,11,34,99,False
2026-01-28T21:24:15.702404-05:00,prod,2026-01-29,il,KXHIGHCHI,KXHIGHCHI-26JAN29,KXHIGHCHI-26JAN29-B16.5,16° to 17°,15.6839,yes,9,43,99,False
2026-01-28T21:24:16.983388-05:00,prod,2026-01-29,fl,KXHIGHMIA,KXHIGHMIA-26JAN29,KXHIGHMIA-26JAN29-B70.5,70° to 71°,69.8336,yes,8,47,99,False
2026-01-28T22:29:18.341098-05:00,prod,2026-01-29,ny,KXHIGHNY,KXHIGHNY-26JAN29,KXHIGHNY-26JAN29-B21.5,21° to 22°,21.1404,yes,11,35,99,False
2026-01-28T22:29:19.858637-05:00,prod,2026-01-29,il,KXHIGHCHI,KXHIGHCHI-26JAN29,KXHIGHCHI-26JAN29-B16.5,16° to 17°,15.6857,yes,9,43,99,False
2026-01-28T22:29:21.636915-05:00,prod,2026-01-29,fl,KXHIGHMIA,KXHIGHMIA-26JAN29,KXHIGHMIA-26JAN29-B70.5,70° to 71°,69.8597,yes,8,45,99,False
2026-01-28T22:34:56.721513-05:00,prod,2026-01-29,ny,KXHIGHNY,KXHIGHNY-26JAN29,KXHIGHNY-26JAN29-B21.5,21° to 22°,21.1409,yes,11,34,99,False
2026-01-28T22:34:58.254152-05:00,prod,2026-01-29,il,KXHIGHCHI,KXHIGHCHI-26JAN29,KXHIGHCHI-26JAN29-B16.5,16° to 17°,15.6919,yes,9,43,99,False
2026-01-28T22:34:59.966587-05:00,prod,2026-01-29,fl,KXHIGHMIA,KXHIGHMIA-26JAN29,KXHIGHMIA-26JAN29-B70.5,70° to 71°,69.8593,yes,8,45,99,False
2026-01-29T00:16:47.875685-05:00,prod,2026-01-29,ny,KXHIGHNY,KXHIGHNY-26JAN29,KXHIGHNY-26JAN29-B21.5,21° to 22°,21.0949,yes,9,39,99,False
2026-01-29T00:16:48.640079-05:00,prod,2026-01-29,il,KXHIGHCHI,KXHIGHCHI-26JAN29,KXHIGHCHI-26JAN29-B16.5,16° to 17°,15.7360,yes,10,36,99,False
2026-01-29T00:16:49.459527-05:00,prod,2026-01-29,fl,KXHIGHMIA,KXHIGHMIA-26JAN29,KXHIGHMIA-26JAN29-B70.5,70° to 71°,69.8896,yes,9,43,99,False
2026-01-29T07:00:02.867742-05:00,prod,2026-01-29,ny,KXHIGHNY,KXHIGHNY-26JAN29,KXHIGHNY-26JAN29-B21.5,21° to 22°,21.0250,yes,8,48,99,True
2026-01-29T07:00:03.544525-05:00,prod,2026-01-29,fl,KXHIGHMIA,KXHIGHMIA-26JAN29,KXHIGHMIA-26JAN29-B70.5,70° to 71°,69.9871,yes,7,55,99,True
2026-01-29T21:07:35.850222-05:00,prod,2026-01-30,il,KXHIGHCHI,KXHIGHCHI-26JAN30,KXHIGHCHI-26JAN30-B18.5,18° to 19°,18.8208,yes,5,43,99,False
2026-01-30T07:00:06.024693-05:00,prod,2026-01-30,ny,KXHIGHNY,KXHIGHNY-26JAN30,KXHIGHNY-26JAN30-B15.5,15° to 16°,15.5833,yes,39,19,99,True
2026-01-31T07:00:31.245908-05:00,prod,2026-01-31,il,KXHIGHCHI,KXHIGHCHI-26JAN31,KXHIGHCHI-26JAN31-B24.5,24° to 25°,24.9635,yes,14,53,99,True
2026-01-31T07:00:33.814946-05:00,prod,2026-01-31,fl,KXHIGHMIA,KXHIGHMIA-26JAN31,KXHIGHMIA-26JAN31-B64.5,64° to 65°,64.1693,yes,27,27,99,True
2026-01-31T22:41:39.459363-05:00,prod,2026-02-01,ny,KXHIGHNY,KXHIGHNY-26FEB01,KXHIGHNY-26FEB01-B22.5,22° to 23°,23.4239,yes,25,10,99,False
2026-02-01T07:00:03.451746-05:00,prod,2026-02-01,ny,KXHIGHNY,KXHIGHNY-26FEB01,KXHIGHNY-26FEB01-B22.5,22° to 23°,23.2246,yes,32,22,99,True
2026-02-02T07:00:02.942923-05:00,prod,2026-02-02,ny,KXHIGHNY,KXHIGHNY-26FEB02,KXHIGHNY-26FEB02-B29.5,29° to 30°,30.1389,yes,31,18,99,True
2026-02-02T19:56:59.114438-05:00,prod,2026-02-02,il,KXHIGHCHI,KXHIGHCHI-26FEB02,KXHIGHCHI-26FEB02-B27.5,27° to 28°,27.2817,yes,5,100,99,False
2026-02-02T19:57:46.426739-05:00,prod,2026-02-02,il,KXHIGHCHI,KXHIGHCHI-26FEB02,KXHIGHCHI-26FEB02-B27.5,27° to 28°,27.2817,yes,5,100,99,False
2026-02-04T14:00:30.125255-05:00,prod,2026-02-04,il,KXHIGHCHI,KXHIGHCHI-26FEB04,KXHIGHCHI-26FEB04-B25.5,25° to 26°,26.3371,yes,8,73,99,True
2026-02-05T14:00:25.290997-05:00,prod,2026-02-05,il,KXHIGHCHI,KXHIGHCHI-26FEB05,KXHIGHCHI-26FEB05-B29.5,29° to 30°,29.1242,yes,9,72,99,True
2026-02-06T14:00:08.440936-05:00,prod,2026-02-06,il,KXHIGHCHI,KXHIGHCHI-26FEB06,KXHIGHCHI-26FEB06-B37.5,37° to 38°,38.1793,yes,6,89,99,True
2026-02-08T14:00:06.535881-05:00,prod,2026-02-08,il,KXHIGHCHI,KXHIGHCHI-26FEB08,KXHIGHCHI-26FEB08-B30.5,30° to 31°,30.9845,yes,9,64,99,True
2026-02-08T14:00:07.153410-05:00,prod,2026-02-08,tx,KXHIGHAUS,KXHIGHAUS-26FEB08,KXHIGHAUS-26FEB08-B78.5,78° to 79°,78.4871,yes,28,22,99,True
2026-02-09T14:00:08.537820-05:00,prod,2026-02-09,il,KXHIGHCHI,KXHIGHCHI-26FEB09,KXHIGHCHI-26FEB09-B38.5,38° to 39°,38.2176,yes,22,60,99,True
2026-02-09T14:00:11.463794-05:00,prod,2026-02-09,tx,KXHIGHAUS,KXHIGHAUS-26FEB09,KXHIGHAUS-26FEB09-B83.5,83° to 84°,82.6214,yes,19,6,99,True
2026-02-18T14:00:07.471885-05:00,prod,2026-02-18,tx,KXHIGHAUS,KXHIGHAUS-26FEB18,KXHIGHAUS-26FEB18-B81.5,81° to 82°,81.8360,yes,10,43,99,True
2026-02-21T13:00:31.482413-05:00,prod,2026-02-21,ny,KXHIGHNY,KXHIGHNY-26FEB21,KXHIGHNY-26FEB21-B45.5,45° to 46°,45.1794,yes,4,86,99,True
2026-02-21T14:00:50.811751-05:00,prod,2026-02-21,il,KXHIGHCHI,KXHIGHCHI-26FEB21,KXHIGHCHI-26FEB21-T35,34° or below,33.2431,yes,3,98,99,True
2026-02-21T14:00:51.541923-05:00,prod,2026-02-21,tx,KXHIGHAUS,KXHIGHAUS-26FEB21,KXHIGHAUS-26FEB21-B73.5,73° to 74°,73.0834,yes,3,97,99,True
2026-02-22T14:00:21.391565-05:00,prod,2026-02-22,il,KXHIGHCHI,KXHIGHCHI-26FEB22,KXHIGHCHI-26FEB22-B28.5,28° to 29°,28.2877,yes,7,51,99,True
2026-02-23T13:00:21.358062-05:00,prod,2026-02-23,ny,KXHIGHNY,KXHIGHNY-26FEB23,KXHIGHNY-26FEB23-B35.5,35° to 36°,34.6096,yes,11,24,99,True
2026-02-23T14:00:49.417486-05:00,prod,2026-02-23,il,KXHIGHCHI,KXHIGHCHI-26FEB23,KXHIGHCHI-26FEB23-B28.5,28° to 29°,28.1233,yes,4,55,99,True
2026-02-24T14:00:13.818750-05:00,prod,2026-02-24,il,KXHIGHCHI,KXHIGHCHI-26FEB24,KXHIGHCHI-26FEB24-B40.5,40° to 41°,41.2999,yes,14,28,99,True
2026-02-25T13:00:25.602974-05:00,prod,2026-02-25,ny,KXHIGHNY,KXHIGHNY-26FEB25,KXHIGHNY-26FEB25-B39.5,39° to 40°,39.7121,yes,12,27,99,True
2026-02-26T13:00:14.283733-05:00,prod,2026-02-26,ny,KXHIGHNY,KXHIGHNY-26FEB26,KXHIGHNY-26FEB26-B42.5,42° to 43°,41.8985,yes,282,1,99,True
2026-02-26T14:00:12.844854-05:00,prod,2026-02-26,il,KXHIGHCHI,KXHIGHCHI-26FEB26,KXHIGHCHI-26FEB26-B42.5,42° to 43°,43.4855,yes,4,52,99,True
2026-02-27T14:00:45.914376-05:00,prod,2026-02-27,tx,KXHIGHAUS,KXHIGHAUS-26FEB27,KXHIGHAUS-26FEB27-B85.5,85° to 86°,85.7373,yes,15,24,99,True
2026-02-28T14:00:04.293143-05:00,prod,2026-02-28,il,KXHIGHCHI,KXHIGHCHI-26FEB28,KXHIGHCHI-26FEB28-B45.5,45° to 46°,46.4521,yes,340,1,99,True
2026-02-28T14:00:05.147357-05:00,prod,2026-02-28,tx,KXHIGHAUS,KXHIGHAUS-26FEB28,KXHIGHAUS-26FEB28-B84.5,84° to 85°,84.9270,yes,5,13,99,True
2026-03-02T14:00:18.507851-05:00,prod,2026-03-02,tx,KXHIGHAUS,KXHIGHAUS-26MAR02,KXHIGHAUS-26MAR02-B82.5,82° to 83°,82.7544,yes,4,12,99,True
2026-03-03T13:01:15.691366-05:00,prod,2026-03-03,fl,KXHIGHMIA,KXHIGHMIA-26MAR03,KXHIGHMIA-26MAR03-B80.5,80° to 81°,80.8670,yes,500,1,99,True
2026-03-03T14:00:13.610131-05:00,prod,2026-03-03,tx,KXHIGHAUS,KXHIGHAUS-26MAR03,KXHIGHAUS-26MAR03-B87.5,87° to 88°,87.7331,yes,1,35,99,True
2026-03-04T13:01:40.009201-05:00,prod,2026-03-04,fl,KXHIGHMIA,KXHIGHMIA-26MAR04,KXHIGHMIA-26MAR04-B81.5,81° to 82°,80.6021,yes,2,84,99,True
2026-03-05T13:00:04.864288-05:00,prod,2026-03-05,fl,KXHIGHMIA,KXHIGHMIA-26MAR05,KXHIGHMIA-26MAR05-B82.5,82° to 83°,81.5274,yes,6,93,99,True
2026-03-05T14:00:18.042858-05:00,prod,2026-03-05,tx,KXHIGHAUS,KXHIGHAUS-26MAR05,KXHIGHAUS-26MAR05-B85.5,85° to 86°,84.5021,yes,3,46,99,True
2026-03-06T13:02:43.358306-05:00,prod,2026-03-06,ny,KXHIGHNY,KXHIGHNY-26MAR06,KXHIGHNY-26MAR06-B43.5,43° to 44°,42.5236,yes,5,24,99,True
2026-03-07T13:01:19.648716-05:00,prod,2026-03-07,ny,KXHIGHNY,KXHIGHNY-26MAR07,KXHIGHNY-26MAR07-T50,49° or below,47.3137,yes,9,16,99,True
2026-03-07T13:01:20.205802-05:00,prod,2026-03-07,fl,KXHIGHMIA,KXHIGHMIA-26MAR07,KXHIGHMIA-26MAR07-B82.5,82° to 83°,81.7315,yes,3,76,99,True
2026-03-08T13:01:29.798342-04:00,prod,2026-03-08,ny,KXHIGHNY,KXHIGHNY-26MAR08,KXHIGHNY-26MAR08-B66.5,66° to 67°,65.5754,yes,2,55,99,True
2026-03-08T14:00:10.888832-04:00,prod,2026-03-08,il,KXHIGHCHI,KXHIGHCHI-26MAR08,KXHIGHCHI-26MAR08-B61.5,61° to 62°,61.6092,yes,3,39,99,True
2026-03-09T14:00:35.466324-04:00,prod,2026-03-09,tx,KXHIGHAUS,KXHIGHAUS-26MAR09,KXHIGHAUS-26MAR09-B79.5,79° to 80°,80.1222,yes,9,15,99,True
2026-03-10T14:00:23.305156-04:00,prod,2026-03-10,tx,KXHIGHAUS,KXHIGHAUS-26MAR10,KXHIGHAUS-26MAR10-B82.5,82° to 83°,81.8504,yes,16,9,99,True
2026-03-25T13:00:10.452275-04:00,prod,2026-03-25,ny,KXHIGHNY,KXHIGHNY-26MAR25,KXHIGHNY-26MAR25-B55.5,55° to 56°,54.9114,yes,14,20,99,True
2026-03-25T13:00:11.166830-04:00,prod,2026-03-25,fl,KXHIGHMIA,KXHIGHMIA-26MAR25,KXHIGHMIA-26MAR25-B81.5,81° to 82°,82.0649,yes,6,43,99,True
2026-03-25T14:00:20.018251-04:00,prod,2026-03-25,tx,KXHIGHAUS,KXHIGHAUS-26MAR25,KXHIGHAUS-26MAR25-B88.5,88° to 89°,89.4464,yes,4,53,99,True
2026-03-26T13:00:44.090147-04:00,prod,2026-03-26,ny,KXHIGHNY,KXHIGHNY-26MAR26,KXHIGHNY-26MAR26-T72,73° or above,73.1421,yes,1,91,99,True
2026-03-26T14:00:03.997409-04:00,prod,2026-03-26,tx,KXHIGHAUS,KXHIGHAUS-26MAR26,KXHIGHAUS-26MAR26-B88.5,88° to 89°,88.4357,yes,3,47,99,True
2026-03-27T14:00:09.017619-04:00,prod,2026-03-27,tx,KXHIGHAUS,KXHIGHAUS-26MAR27,KXHIGHAUS-26MAR27-B88.5,88° to 89°,88.3946,yes,4,54,99,True
2026-03-28T13:00:10.316474-04:00,prod,2026-03-28,ny,KXHIGHNY,KXHIGHNY-26MAR28,KXHIGHNY-26MAR28-B44.5,44° to 45°,44.6727,yes,1,55,99,True
2026-03-28T14:00:29.626082-04:00,prod,2026-03-28,tx,KXHIGHAUS,KXHIGHAUS-26MAR28,KXHIGHAUS-26MAR28-B68.5,68° to 69°,69.1805,yes,34,11,99,True
2026-03-29T13:00:03.581451-04:00,prod,2026-03-29,fl,KXHIGHMIA,KXHIGHMIA-26MAR29,KXHIGHMIA-26MAR29-B79.5,79° to 80°,78.5171,yes,3,49,99,True
2026-03-29T14:00:08.943790-04:00,prod,2026-03-29,il,KXHIGHCHI,KXHIGHCHI-26MAR29,KXHIGHCHI-26MAR29-B63.5,63° to 64°,64.2856,yes,3,46,99,True
2026-03-29T14:00:10.578655-04:00,prod,2026-03-29,tx,KXHIGHAUS,KXHIGHAUS-26MAR29,KXHIGHAUS-26MAR29-B84.5,84° to 85°,85.2360,yes,3,50,99,True
2026-04-05T13:00:03.972564-04:00,prod,2026-04-05,fl,KXHIGHMIA,KXHIGHMIA-26APR05,KXHIGHMIA-26APR05-B81.5,81° to 82°,81.1357,yes,12,41,99,True
2026-04-05T14:00:04.185522-04:00,prod,2026-04-05,il,KXHIGHCHI,KXHIGHCHI-26APR05,KXHIGHCHI-26APR05-B50.5,50° to 51°,50.9548,yes,6,28,99,True
2026-04-06T13:00:14.039846-04:00,prod,2026-04-06,ny,KXHIGHNY,KXHIGHNY-26APR06,KXHIGHNY-26APR06-B54.5,54° to 55°,55.2892,yes,3,60,99,True
2026-04-07T13:00:12.050871-04:00,prod,2026-04-07,ny,KXHIGHNY,KXHIGHNY-26APR07,KXHIGHNY-26APR07-B54.5,54° to 55°,53.5030,yes,3,55,99,True
2026-04-07T14:00:33.497551-04:00,prod,2026-04-07,tx,KXHIGHAUS,KXHIGHAUS-26APR07,KXHIGHAUS-26APR07-B75.5,75° to 76°,76.3674,yes,2,54,99,True
2026-04-08T13:01:02.112027-04:00,prod,2026-04-08,fl,KXHIGHMIA,KXHIGHMIA-26APR08,KXHIGHMIA-26APR08-B76.5,76° to 77°,77.4759,yes,4,37,99,True
2026-04-09T13:00:09.320227-04:00,prod,2026-04-09,ny,KXHIGHNY,KXHIGHNY-26APR09,KXHIGHNY-26APR09-T53,52° or below,51.1126,yes,1,72,99,True
2026-04-11T13:00:03.843102-04:00,prod,2026-04-11,fl,KXHIGHMIA,KXHIGHMIA-26APR11,KXHIGHMIA-26APR11-B78.5,78° to 79°,78.0424,yes,2,16,99,True
2026-04-11T14:01:01.803522-04:00,prod,2026-04-11,il,KXHIGHCHI,KXHIGHCHI-26APR11,KXHIGHCHI-26APR11-B57.5,57° to 58°,56.8971,yes,4,32,99,True
2026-04-12T13:00:04.677169-04:00,prod,2026-04-12,ny,KXHIGHNY,KXHIGHNY-26APR12,KXHIGHNY-26APR12-B58.5,58° to 59°,57.6829,yes,29,4,99,True
2026-04-14T13:01:15.565553-04:00,prod,2026-04-14,fl,KXHIGHMIA,KXHIGHMIA-26APR14,KXHIGHMIA-26APR14-B81.5,81° to 82°,81.9243,yes,1,78,99,True
2026-04-14T14:00:03.950670-04:00,prod,2026-04-14,il,KXHIGHCHI,KXHIGHCHI-26APR14,KXHIGHCHI-26APR14-B80.5,80° to 81°,80.3344,yes,2,45,99,True
2026-04-14T14:00:04.743727-04:00,prod,2026-04-14,tx,KXHIGHAUS,KXHIGHAUS-26APR14,KXHIGHAUS-26APR14-B85.5,85° to 86°,85.1735,yes,2,35,99,True
2026-04-15T14:00:42.630120-04:00,prod,2026-04-15,tx,KXHIGHAUS,KXHIGHAUS-26APR15,KXHIGHAUS-26APR15-B87.5,87° to 88°,87.5424,yes,2,50,99,True
2026-04-17T14:00:14.394140-04:00,prod,2026-04-17,il,KXHIGHCHI,KXHIGHCHI-26APR17,KXHIGHCHI-26APR17-B81.5,81° to 82°,82.3444,yes,2,40,99,True
2026-04-19T14:00:03.914473-04:00,prod,2026-04-19,il,KXHIGHCHI,KXHIGHCHI-26APR19,KXHIGHCHI-26APR19-B50.5,50° to 51°,49.8234,yes,2,84,99,True
2026-04-20T13:00:43.971649-04:00,prod,2026-04-20,ny,KXHIGHNY,KXHIGHNY-26APR20,KXHIGHNY-26APR20-B51.5,51° to 52°,51.4681,yes,1,59,99,True
2026-04-22T14:01:37.942248-04:00,prod,2026-04-22,tx,KXHIGHAUS,KXHIGHAUS-26APR22,KXHIGHAUS-26APR22-B79.5,79° to 80°,80.1182,yes,3,27,99,True
2026-04-23T13:00:03.373917-04:00,prod,2026-04-23,fl,KXHIGHMIA,KXHIGHMIA-26APR23,KXHIGHMIA-26APR23-B77.5,77° to 78°,77.6929,yes,2,30,99,True
2026-04-26T14:00:34.625792-04:00,prod,2026-04-26,il,KXHIGHCHI,KXHIGHCHI-26APR26,KXHIGHCHI-26APR26-T61,60° or below,59.8044,yes,3,44,99,True
2026-04-27T13:00:03.524389-04:00,prod,2026-04-27,ny,KXHIGHNY,KXHIGHNY-26APR27,KXHIGHNY-26APR27-B66.5,66° to 67°,66.7623,yes,9,9,99,True
2026-04-27T13:00:04.029384-04:00,prod,2026-04-27,fl,KXHIGHMIA,KXHIGHMIA-26APR27,KXHIGHMIA-26APR27-B85.5,85° to 86°,84.6942,yes,17,5,99,True
2026-04-28T13:00:04.622021-04:00,prod,2026-04-28,ny,KXHIGHNY,KXHIGHNY-26APR28,KXHIGHNY-26APR28-T66,67° or above,66.6761,yes,2,30,99,True
2026-04-30T13:01:49.096664-04:00,prod,2026-04-30,ny,KXHIGHNY,KXHIGHNY-26APR30,KXHIGHNY-26APR30-B61.5,61° to 62°,60.5396,yes,3,38,99,True
2026-05-01T13:00:08.437372-04:00,prod,2026-05-01,ny,KXHIGHNY,KXHIGHNY-26MAY01,KXHIGHNY-26MAY01-B64.5,64° to 65°,65.0843,yes,1,55,99,True
2026-05-02T13:01:36.490666-04:00,prod,2026-05-02,ny,KXHIGHNY,KXHIGHNY-26MAY02,KXHIGHNY-26MAY02-B60.5,60° to 61°,60.6351,yes,1,63,99,True
2026-05-02T14:00:04.492256-04:00,prod,2026-05-02,il,KXHIGHCHI,KXHIGHCHI-26MAY02,KXHIGHCHI-26MAY02-B55.5,55° to 56°,55.4161,yes,1,60,99,True
2026-05-02T14:00:05.361284-04:00,prod,2026-05-02,tx,KXHIGHAUS,KXHIGHAUS-26MAY02,KXHIGHAUS-26MAY02-B71.5,71° to 72°,72.1478,yes,20,3,99,True
2026-05-03T14:00:53.332919-04:00,prod,2026-05-03,tx,KXHIGHAUS,KXHIGHAUS-26MAY03,KXHIGHAUS-26MAY03-B78.5,78° to 79°,78.4646,yes,11,6,99,True
2026-05-07T14:01:22.463284-04:00,prod,2026-05-07,tx,KXHIGHAUS,KXHIGHAUS-26MAY07,KXHIGHAUS-26MAY07-B72.5,72° to 73°,72.6482,yes,1,12,99,True
2026-05-09T14:00:09.560488-04:00,prod,2026-05-09,tx,KXHIGHAUS,KXHIGHAUS-26MAY09,KXHIGHAUS-26MAY09-B87.5,87° to 88°,88.0096,yes,5,11,99,True
2026-05-12T14:00:07.830779-04:00,prod,2026-05-12,tx,KXHIGHAUS,KXHIGHAUS-26MAY12,KXHIGHAUS-26MAY12-B82.5,82° to 83°,83.4913,yes,1,6,99,True
2026-05-13T13:00:31.601596-04:00,prod,2026-05-13,ny,KXHIGHNY,KXHIGHNY-26MAY13,KXHIGHNY-26MAY13-B72.5,72° to 73°,71.8516,yes,3,27,99,True
2026-05-15T13:00:04.787048-04:00,prod,2026-05-15,ny,KXHIGHNY,KXHIGHNY-26MAY15,KXHIGHNY-26MAY15-B67.5,67° to 68°,67.8216,yes,1,43,99,True
2026-05-15T14:00:07.632314-04:00,prod,2026-05-15,tx,KXHIGHAUS,KXHIGHAUS-26MAY15,KXHIGHAUS-26MAY15-B92.5,92° to 93°,91.6815,yes,5,11,99,True
2026-05-16T13:00:03.995706-04:00,prod,2026-05-16,ny,KXHIGHNY,KXHIGHNY-26MAY16,KXHIGHNY-26MAY16-B80.5,80° to 81°,80.8533,yes,1,52,99,True
2026-05-16T13:00:04.683194-04:00,prod,2026-05-16,fl,KXHIGHMIA,KXHIGHMIA-26MAY16,KXHIGHMIA-26MAY16-B88.5,88° to 89°,87.6449,yes,13,4,99,True
2026-05-16T14:00:40.366949-04:00,prod,2026-05-16,il,KXHIGHCHI,KXHIGHCHI-26MAY16,KXHIGHCHI-26MAY16-B85.5,85° to 86°,85.1111,yes,1,38,99,True
2026-05-18T14:00:41.026099-04:00,prod,2026-05-18,tx,KXHIGHAUS,KXHIGHAUS-26MAY18,KXHIGHAUS-26MAY18-B90.5,90° to 91°,91.1094,yes,1,32,99,True
2026-05-20T13:00:18.777204-04:00,prod,2026-05-20,ny,KXHIGHNY,KXHIGHNY-26MAY20,KXHIGHNY-26MAY20-B91.5,91° to 92°,92.1223,yes,2,20,99,True
2026-05-21T13:00:07.318759-04:00,prod,2026-05-21,fl,KXHIGHMIA,KXHIGHMIA-26MAY21,KXHIGHMIA-26MAY21-B87.5,87° to 88°,88.0732,yes,1,35,99,True
2026-05-21T14:00:04.728436-04:00,prod,2026-05-21,tx,KXHIGHAUS,KXHIGHAUS-26MAY21,KXHIGHAUS-26MAY21-B79.5,79° to 80°,79.7400,yes,4,17,99,True
2026-05-22T13:00:42.976910-04:00,prod,2026-05-22,fl,KXHIGHMIA,KXHIGHMIA-26MAY22,KXHIGHMIA-26MAY22-B87.5,87° to 88°,87.5536,yes,1,48,99,True
2026-05-23T13:00:03.882118-04:00,prod,2026-05-23,fl,KXHIGHMIA,KXHIGHMIA-26MAY23,KXHIGHMIA-26MAY23-B87.5,87° to 88°,86.9536,yes,1,26,99,True
2026-05-24T13:00:19.922542-04:00,prod,2026-05-24,ny,KXHIGHNY,KXHIGHNY-26MAY24,KXHIGHNY-26MAY24-T60,59° or below,57.8584,yes,1,96,99,True
2026-05-25T13:00:04.096384-04:00,prod,2026-05-25,fl,KXHIGHMIA,KXHIGHMIA-26MAY25,KXHIGHMIA-26MAY25-B87.5,87° to 88°,86.8031,yes,2,18,99,True
2026-05-26T13:00:12.552333-04:00,prod,2026-05-26,fl,KXHIGHMIA,KXHIGHMIA-26MAY26,KXHIGHMIA-26MAY26-B88.5,88° to 89°,87.8823,yes,1,93,99,True
2026-05-27T13:00:41.954278-04:00,prod,2026-05-27,fl,KXHIGHMIA,KXHIGHMIA-26MAY27,KXHIGHMIA-26MAY27-B87.5,87° to 88°,86.5324,yes,1,58,99,True
2026-05-27T14:00:05.639936-04:00,prod,2026-05-27,il,KXHIGHCHI,KXHIGHCHI-26MAY27,KXHIGHCHI-26MAY27-B85.5,85° to 86°,84.7469,yes,15,2,99,True
2026-05-28T13:00:37.089408-04:00,prod,2026-05-28,ny,KXHIGHNY,KXHIGHNY-26MAY28,KXHIGHNY-26MAY28-B78.5,78° to 79°,77.6514,yes,29,2,99,True
2026-05-31T13:00:35.724999-04:00,prod,2026-05-31,ny,KXHIGHNY,KXHIGHNY-26MAY31,KXHIGHNY-26MAY31-B74.5,74° to 75°,75.3915,yes,1,56,99,True
2026-06-01T13:00:04.841899-04:00,prod,2026-06-01,ny,KXHIGHNY,KXHIGHNY-26JUN01,KXHIGHNY-26JUN01-B72.5,72° to 73°,73.1697,yes,16,9,99,True
2026-06-04T13:00:34.673094-04:00,prod,2026-06-04,fl,KXHIGHMIA,KXHIGHMIA-26JUN04,KXHIGHMIA-26JUN04-B83.5,83° to 84°,83.7877,yes,20,9,99,True
2026-06-07T13:00:10.820735-04:00,prod,2026-06-07,fl,KXHIGHMIA,KXHIGHMIA-26JUN07,KXHIGHMIA-26JUN07-B87.5,87° to 88°,87.5438,yes,6,28,99,True
2026-06-08T13:00:05.252910-04:00,prod,2026-06-08,ny,KXHIGHNY,KXHIGHNY-26JUN08,KXHIGHNY-26JUN08-B76.5,76° to 77°,77.0956,yes,1,46,99,True
2026-06-10T14:00:05.428575-04:00,prod,2026-06-10,tx,KXHIGHAUS,KXHIGHAUS-26JUN10,KXHIGHAUS-26JUN10-B91.5,91° to 92°,91.7850,yes,1,39,99,True
2026-06-12T13:00:04.990577-04:00,prod,2026-06-12,ny,KXHIGHNY,KXHIGHNY-26JUN12,KXHIGHNY-26JUN12-B94.5,94° to 95°,94.8556,yes,16,7,99,True
2026-06-15T14:00:05.245718-04:00,prod,2026-06-15,il,KXHIGHCHI,KXHIGHCHI-26JUN15,KXHIGHCHI-26JUN15-B76.5,76° to 77°,76.2010,yes,3,50,99,True
2026-06-16T13:00:05.598017-04:00,prod,2026-06-16,fl,KXHIGHMIA,KXHIGHMIA-26JUN16,KXHIGHMIA-26JUN16-B92.5,92° to 93°,92.7909,yes,5,27,99,True
2026-06-18T14:00:05.035422-04:00,prod,2026-06-18,il,KXHIGHCHI,KXHIGHCHI-26JUN18,KXHIGHCHI-26JUN18-B71.5,71° to 72°,72.2439,yes,3,44,99,True
2026-06-18T14:00:05.681535-04:00,prod,2026-06-18,tx,KXHIGHAUS,KXHIGHAUS-26JUN18,KXHIGHAUS-26JUN18-B97.5,97° to 98°,97.1225,yes,2,68,99,True
