run_ts,as_of,city,window_days,weights_json
2026-01-24T02:15:53.023550-05:00,2026-01-23,ny,14,{}
2026-01-24T02:15:53.023550-05:00,2026-01-23,il,14,{}
2026-01-24T02:15:53.023550-05:00,2026-01-23,tx,14,{}
2026-01-24T02:15:53.023550-05:00,2026-01-23,fl,14,{}
2026-01-24T09:48:28.245273-05:00,2026-01-23,ny,14,{}
2026-01-24T09:48:28.245273-05:00,2026-01-23,il,14,{}
2026-01-24T09:48:28.245273-05:00,2026-01-23,tx,14,{}
2026-01-24T09:48:28.245273-05:00,2026-01-23,fl,14,{}
2026-01-24T09:55:17.737988-05:00,2026-01-23,ny,14,{}
2026-01-24T09:55:17.737988-05:00,2026-01-23,il,14,{}
2026-01-24T09:55:17.737988-05:00,2026-01-23,tx,14,{}
2026-01-24T09:55:17.737988-05:00,2026-01-23,fl,14,{}
2026-01-24T12:12:39.489298-05:00,2026-01-23,ny,14,{}
2026-01-24T12:12:39.489298-05:00,2026-01-23,il,14,{}
2026-01-24T12:12:39.489298-05:00,2026-01-23,tx,14,{}
2026-01-24T12:12:39.489298-05:00,2026-01-23,fl,14,{}
2026-01-25T02:15:36.188418-05:00,2026-01-24,ny,14,"{""consensus"": 0.9159890059852793, ""lstm"": 0.08401099401472073}"
2026-01-25T02:15:36.188418-05:00,2026-01-24,il,14,"{""consensus"": 0.9999810052626588, ""lstm"": 1.899473734123737e-05}"
2026-01-25T02:15:36.188418-05:00,2026-01-24,tx,14,"{""consensus"": 0.962656128182825, ""lstm"": 0.037343871817175044}"
2026-01-25T02:15:36.188418-05:00,2026-01-24,fl,14,"{""consensus"": 0.7403430951738978, ""lstm"": 0.2596569048261021}"
2026-01-25T02:15:36.274845-05:00,2026-01-24,ny,14,"{""consensus"": 0.9159890059852793, ""lstm"": 0.08401099401472073}"
2026-01-25T02:15:36.274845-05:00,2026-01-24,il,14,"{""consensus"": 0.9999810052626588, ""lstm"": 1.899473734123737e-05}"
2026-01-25T02:15:36.274845-05:00,2026-01-24,tx,14,"{""consensus"": 0.962656128182825, ""lstm"": 0.037343871817175044}"
2026-01-25T02:15:36.274845-05:00,2026-01-24,fl,14,"{""consensus"": 0.7403430951738978, ""lstm"": 0.2596569048261021}"
2026-01-25T10:13:01.365736-05:00,2026-01-24,ny,14,"{""consensus"": 0.9159890059852793, ""lstm"": 0.08401099401472073}"
2026-01-25T10:13:01.365736-05:00,2026-01-24,il,14,"{""consensus"": 0.9999810052626588, ""lstm"": 1.899473734123737e-05}"
2026-01-25T10:13:01.365736-05:00,2026-01-24,tx,14,"{""consensus"": 0.962656128182825, ""lstm"": 0.037343871817175044}"
2026-01-25T10:13:01.365736-05:00,2026-01-24,fl,14,"{""consensus"": 0.7403430951738978, ""lstm"": 0.2596569048261021}"
2026-01-25T12:29:10.454787-05:00,2026-01-24,ny,14,"{""consensus"": 0.9159890059852793, ""lstm"": 0.08401099401472073}"
2026-01-25T12:29:10.454787-05:00,2026-01-24,il,14,"{""consensus"": 0.9999810052626588, ""lstm"": 1.899473734123737e-05}"
2026-01-25T12:29:10.454787-05:00,2026-01-24,tx,14,"{""consensus"": 0.962656128182825, ""lstm"": 0.037343871817175044}"
2026-01-25T12:29:10.454787-05:00,2026-01-24,fl,14,"{""consensus"": 0.7403430951738978, ""lstm"": 0.2596569048261021}"
2026-01-25T12:32:37.505810-05:00,2026-01-24,ny,14,"{""consensus"": 0.014592309530646294, ""lstm"": 0.0007022628660218113, ""open-meteo"": 0.0006560796795410584, ""openweathermap"": 0.6382643639798242, ""pirateweather"": 0.2112776014374949, ""tomorrow"": 0.039891522748739014, ""visual-crossing"": 0.03118831961386178, ""weather.gov"": 0.05003992613601822, ""weatherapi"": 0.013387614007852678}"
2026-01-25T12:32:37.505810-05:00,2026-01-24,il,14,"{""consensus"": 0.19572916634118928, ""lstm"": 0.00033801729479509434, ""open-meteo"": 0.03483558648992357, ""openweathermap"": 0.01777325841322631, ""pirateweather"": 0.018094939821078713, ""tomorrow"": 0.04422689020740148, ""weather.gov"": 0.6881103504182435, ""weatherapi"": 0.0008917910141420435}"
2026-01-25T12:32:37.505810-05:00,2026-01-24,tx,14,"{""consensus"": 0.43034924670626395, ""lstm"": 0.013072415283508802, ""open-meteo"": 0.0014221760611697813, ""openweathermap"": 0.006704231709943889, ""pirateweather"": 0.00620242265351057, ""tomorrow"": 0.008556345829038556, ""visual-crossing"": 0.5085043397557804, ""weather.gov"": 0.00968642212412756, ""weatherapi"": 0.015502399876656445}"
2026-01-25T12:32:37.505810-05:00,2026-01-24,fl,14,"{""consensus"": 0.09612778369691297, ""lstm"": 0.052977619671501046, ""open-meteo"": 0.038038347662251934, ""openweathermap"": 0.16798073085462029, ""pirateweather"": 0.1922375481278401, ""tomorrow"": 0.034501902641498355, ""visual-crossing"": 0.3199025038395388, ""weather.gov"": 0.03213800486130373, ""weatherapi"": 0.0660955586445328}"
2026-01-26T02:15:39.301071-05:00,2026-01-25,ny,14,"{""consensus"": 0.014592309530646294, ""lstm"": 0.0007022628660218113, ""open-meteo"": 0.0006560796795410584, ""openweathermap"": 0.6382643639798242, ""pirateweather"": 0.2112776014374949, ""tomorrow"": 0.039891522748739014, ""visual-crossing"": 0.03118831961386178, ""weather.gov"": 0.05003992613601822, ""weatherapi"": 0.013387614007852678}"
2026-01-26T02:15:39.301071-05:00,2026-01-25,il,14,"{""consensus"": 0.19572916634118928, ""lstm"": 0.00033801729479509434, ""open-meteo"": 0.03483558648992357, ""openweathermap"": 0.01777325841322631, ""pirateweather"": 0.018094939821078713, ""tomorrow"": 0.04422689020740148, ""weather.gov"": 0.6881103504182435, ""weatherapi"": 0.0008917910141420435}"
2026-01-26T02:15:39.301071-05:00,2026-01-25,tx,14,"{""consensus"": 0.43034924670626395, ""lstm"": 0.013072415283508802, ""open-meteo"": 0.0014221760611697813, ""openweathermap"": 0.006704231709943889, ""pirateweather"": 0.00620242265351057, ""tomorrow"": 0.008556345829038556, ""visual-crossing"": 0.5085043397557804, ""weather.gov"": 0.00968642212412756, ""weatherapi"": 0.015502399876656445}"
2026-01-26T02:15:39.301071-05:00,2026-01-25,fl,14,"{""consensus"": 0.09612778369691297, ""lstm"": 0.052977619671501046, ""open-meteo"": 0.038038347662251934, ""openweathermap"": 0.16798073085462029, ""pirateweather"": 0.1922375481278401, ""tomorrow"": 0.034501902641498355, ""visual-crossing"": 0.3199025038395388, ""weather.gov"": 0.03213800486130373, ""weatherapi"": 0.0660955586445328}"
2026-01-26T02:15:39.321367-05:00,2026-01-25,ny,14,"{""consensus"": 0.02868349971391009, ""lstm"": 0.002545697149294958, ""open-meteo"": 0.0016679155260903565, ""openweathermap"": 0.5270367087805937, ""pirateweather"": 0.10733391907421215, ""tomorrow"": 0.09130169894405082, ""visual-crossing"": 0.11305740367858498, ""weather.gov"": 0.0994603144772972, ""weatherapi"": 0.028912842655965675}"
2026-01-26T02:15:39.321367-05:00,2026-01-25,il,14,"{""consensus"": 0.014584024362656023, ""lstm"": 0.004159264353959636, ""open-meteo"": 0.007620407613871389, ""openweathermap"": 0.23029794672002432, ""pirateweather"": 0.4065753960187261, ""tomorrow"": 0.26294486832351965, ""weather.gov"": 0.05537858776380111, ""weatherapi"": 0.018439504843441878}"
2026-01-26T02:15:39.321367-05:00,2026-01-25,tx,14,"{""consensus"": 0.43034924670626395, ""lstm"": 0.013072415283508802, ""open-meteo"": 0.0014221760611697813, ""openweathermap"": 0.006704231709943889, ""pirateweather"": 0.00620242265351057, ""tomorrow"": 0.008556345829038556, ""visual-crossing"": 0.5085043397557804, ""weather.gov"": 0.00968642212412756, ""weatherapi"": 0.015502399876656445}"
2026-01-26T02:15:39.321367-05:00,2026-01-25,fl,14,"{""consensus"": 0.09612778369691297, ""lstm"": 0.052977619671501046, ""open-meteo"": 0.038038347662251934, ""openweathermap"": 0.16798073085462029, ""pirateweather"": 0.1922375481278401, ""tomorrow"": 0.034501902641498355, ""visual-crossing"": 0.3199025038395388, ""weather.gov"": 0.03213800486130373, ""weatherapi"": 0.0660955586445328}"
2026-01-26T06:30:04.558261-05:00,2026-01-25,ny,14,"{""consensus"": 0.03018159637689962, ""lstm"": 0.0031957670358948214, ""open-meteo"": 0.0018962825760179957, ""openweathermap"": 0.488862536360152, ""pirateweather"": 0.0942750752902621, ""tomorrow"": 0.10120676658996046, ""visual-crossing"": 0.14192777170683513, ""weather.gov"": 0.10682830963943096, ""weatherapi"": 0.03162589442454689}"
2026-01-26T06:30:04.558261-05:00,2026-01-25,il,14,"{""consensus"": 0.008019436931841381, ""lstm"": 0.0040017309211023665, ""open-meteo"": 0.0045397544810215785, ""openweathermap"": 0.22524556672499849, ""pirateweather"": 0.49360585649444944, ""tomorrow"": 0.21088513372093629, ""weather.gov"": 0.03215605845029165, ""weatherapi"": 0.021546462275358794}"
2026-01-26T06:30:04.558261-05:00,2026-01-25,tx,14,"{""consensus"": 0.479325696996535, ""lstm"": 0.011396059164119763, ""open-meteo"": 0.0010273217536142013, ""openweathermap"": 0.009472527716937885, ""pirateweather"": 0.008035904746017253, ""tomorrow"": 0.012559944183814674, ""visual-crossing"": 0.4432957043813478, ""weather.gov"": 0.01086118433797257, ""weatherapi"": 0.02402565671964082}"
2026-01-26T06:30:04.558261-05:00,2026-01-25,fl,14,"{""consensus"": 0.10631018226878966, ""lstm"": 0.05485043712776549, ""open-meteo"": 0.0021609019476719494, ""openweathermap"": 0.14335673961587006, ""pirateweather"": 0.16483869057218442, ""tomorrow"": 0.041612340826215836, ""visual-crossing"": 0.33121141120850617, ""weather.gov"": 0.03934911636526322, ""weatherapi"": 0.11631018006773326}"
2026-01-26T09:52:10.798485-05:00,2026-01-25,ny,14,"{""consensus"": 0.03271740726107086, ""google-weather"": 0.15405218916377442, ""lstm"": 0.003959683524611497, ""open-meteo"": 0.0036992813141716557, ""openweathermap"": 0.29556661502542486, ""pirateweather"": 0.1063394746016572, ""tomorrow"": 0.11441243986366326, ""visual-crossing"": 0.17585420119806033, ""weather.gov"": 0.07797491861905213, ""weatherapi"": 0.03542378942851375}"
2026-01-26T09:52:10.798485-05:00,2026-01-25,il,14,"{""consensus"": 0.0005270273176130606, ""google-weather"": 0.0015602167378440798, ""lstm"": 0.0003784780838788454, ""open-meteo"": 0.03900541844610199, ""openweathermap"": 0.02635006688045922, ""pirateweather"": 0.011622521094828126, ""tomorrow"": 0.017497379273085367, ""visual-crossing"": 0.89868484099819, ""weather.gov"": 0.0019697219263275847, ""weatherapi"": 0.0024043292416717327}"
2026-01-26T09:52:10.798485-05:00,2026-01-25,tx,14,"{""consensus"": 0.4105124560350561, ""google-weather"": 0.2042782286907543, ""lstm"": 0.00802741475104589, ""open-meteo"": 0.0008733196463258579, ""openweathermap"": 0.008726661149343114, ""pirateweather"": 0.006944773468460528, ""tomorrow"": 0.013112179497564191, ""visual-crossing"": 0.3122586874267927, ""weather.gov"": 0.008822939857429714, ""weatherapi"": 0.026443339477227625}"
2026-01-26T09:52:10.798485-05:00,2026-01-25,fl,14,"{""consensus"": 0.10011968956121808, ""google-weather"": 0.07895807729245018, ""lstm"": 0.04921243181427487, ""open-meteo"": 0.0019387856382881632, ""openweathermap"": 0.11964308363470193, ""pirateweather"": 0.1217973852827744, ""tomorrow"": 0.0411589883139201, ""visual-crossing"": 0.29716661969786545, ""weather.gov"": 0.03396281541969194, ""weatherapi"": 0.15604212334481482}"
2026-01-27T02:15:36.450069-05:00,2026-01-26,ny,14,"{""consensus"": 0.03355898752180412, ""google-weather"": 0.28138086109973826, ""lstm"": 0.004408361279423397, ""open-meteo"": 0.004848774986028246, ""openweathermap"": 0.238568832314231, ""pirateweather"": 0.10980586824040933, ""tomorrow"": 0.10227446808262416, ""visual-crossing"": 0.12850916530185424, ""weather.gov"": 0.057626279880654524, ""weatherapi"": 0.03901840129323272}"
2026-01-27T02:15:36.450069-05:00,2026-01-26,il,14,"{""consensus"": 0.0044465861398422235, ""google-weather"": 0.038964198183659336, ""lstm"": 0.0022219486252505936, ""open-meteo"": 0.11061285758600509, ""openweathermap"": 0.1941741717460264, ""pirateweather"": 0.11369241876367397, ""tomorrow"": 0.08041429739954259, ""visual-crossing"": 0.42741169356073455, ""weather.gov"": 0.01743462867047322, ""weatherapi"": 0.010627199324792}"
2026-01-27T02:15:36.450069-05:00,2026-01-26,tx,14,"{""consensus"": 0.4105124560350561, ""google-weather"": 0.2042782286907543, ""lstm"": 0.00802741475104589, ""open-meteo"": 0.0008733196463258579, ""openweathermap"": 0.008726661149343114, ""pirateweather"": 0.006944773468460528, ""tomorrow"": 0.013112179497564191, ""visual-crossing"": 0.3122586874267927, ""weather.gov"": 0.008822939857429714, ""weatherapi"": 0.026443339477227625}"
2026-01-27T02:15:36.450069-05:00,2026-01-26,fl,14,"{""consensus"": 0.10011968956121808, ""google-weather"": 0.07895807729245018, ""lstm"": 0.04921243181427487, ""open-meteo"": 0.0019387856382881632, ""openweathermap"": 0.11964308363470193, ""pirateweather"": 0.1217973852827744, ""tomorrow"": 0.0411589883139201, ""visual-crossing"": 0.29716661969786545, ""weather.gov"": 0.03396281541969194, ""weatherapi"": 0.15604212334481482}"
2026-01-27T02:15:36.450073-05:00,2026-01-26,ny,14,"{""consensus"": 0.03271740726107086, ""google-weather"": 0.15405218916377442, ""lstm"": 0.003959683524611497, ""open-meteo"": 0.0036992813141716557, ""openweathermap"": 0.29556661502542486, ""pirateweather"": 0.1063394746016572, ""tomorrow"": 0.11441243986366326, ""visual-crossing"": 0.17585420119806033, ""weather.gov"": 0.07797491861905213, ""weatherapi"": 0.03542378942851375}"
2026-01-27T02:15:36.450073-05:00,2026-01-26,il,14,"{""consensus"": 0.0005270273176130606, ""google-weather"": 0.0015602167378440798, ""lstm"": 0.0003784780838788454, ""open-meteo"": 0.03900541844610199, ""openweathermap"": 0.02635006688045922, ""pirateweather"": 0.011622521094828126, ""tomorrow"": 0.017497379273085367, ""visual-crossing"": 0.89868484099819, ""weather.gov"": 0.0019697219263275847, ""weatherapi"": 0.0024043292416717327}"
2026-01-27T02:15:36.450073-05:00,2026-01-26,tx,14,"{""consensus"": 0.4105124560350561, ""google-weather"": 0.2042782286907543, ""lstm"": 0.00802741475104589, ""open-meteo"": 0.0008733196463258579, ""openweathermap"": 0.008726661149343114, ""pirateweather"": 0.006944773468460528, ""tomorrow"": 0.013112179497564191, ""visual-crossing"": 0.3122586874267927, ""weather.gov"": 0.008822939857429714, ""weatherapi"": 0.026443339477227625}"
2026-01-27T02:15:36.450073-05:00,2026-01-26,fl,14,"{""consensus"": 0.10011968956121808, ""google-weather"": 0.07895807729245018, ""lstm"": 0.04921243181427487, ""open-meteo"": 0.0019387856382881632, ""openweathermap"": 0.11964308363470193, ""pirateweather"": 0.1217973852827744, ""tomorrow"": 0.0411589883139201, ""visual-crossing"": 0.29716661969786545, ""weather.gov"": 0.03396281541969194, ""weatherapi"": 0.15604212334481482}"
2026-01-27T06:30:30.004110-05:00,2026-01-26,ny,14,"{""consensus"": 0.0354259864411124, ""google-weather"": 0.2996016410864923, ""lstm"": 0.004784464765381617, ""open-meteo"": 0.005514111870473481, ""openweathermap"": 0.22579906849369002, ""pirateweather"": 0.11553820002355913, ""tomorrow"": 0.10091634356727075, ""visual-crossing"": 0.11733410368294717, ""weather.gov"": 0.05273658423073998, ""weatherapi"": 0.04234949583833312}"
2026-01-27T06:30:30.004110-05:00,2026-01-26,il,14,"{""consensus"": 0.0056621502548445685, ""google-weather"": 0.0678884770799372, ""lstm"": 0.0024450967222624177, ""open-meteo"": 0.10370679642885415, ""openweathermap"": 0.23248634833716028, ""pirateweather"": 0.15439496596320093, ""tomorrow"": 0.08188551538383848, ""visual-crossing"": 0.31825056223873877, ""weather.gov"": 0.022579511289407314, ""weatherapi"": 0.010700576301755962}"
2026-01-27T06:30:30.004110-05:00,2026-01-26,tx,14,"{""consensus"": 0.4404016647518559, ""google-weather"": 0.1562283780379307, ""lstm"": 0.006840488858065905, ""open-meteo"": 0.0018648009452839427, ""openweathermap"": 0.012114654976969974, ""pirateweather"": 0.012415084509849624, ""tomorrow"": 0.018625603959103815, ""visual-crossing"": 0.2980096633456609, ""weather.gov"": 0.015624465562887019, ""weatherapi"": 0.03787519505239226}"
2026-01-27T06:30:30.004110-05:00,2026-01-26,fl,14,"{""consensus"": 0.10011968956121808, ""google-weather"": 0.07895807729245018, ""lstm"": 0.04921243181427487, ""open-meteo"": 0.0019387856382881632, ""openweathermap"": 0.11964308363470193, ""pirateweather"": 0.1217973852827744, ""tomorrow"": 0.0411589883139201, ""visual-crossing"": 0.29716661969786545, ""weather.gov"": 0.03396281541969194, ""weatherapi"": 0.15604212334481482}"
2026-01-28T02:15:38.767311-05:00,2026-01-27,ny,14,"{""consensus"": 0.0354259864411124, ""google-weather"": 0.2996016410864923, ""lstm"": 0.004784464765381617, ""open-meteo"": 0.005514111870473481, ""openweathermap"": 0.22579906849369002, ""pirateweather"": 0.11553820002355913, ""tomorrow"": 0.10091634356727075, ""visual-crossing"": 0.11733410368294717, ""weather.gov"": 0.05273658423073998, ""weatherapi"": 0.04234949583833312}"
2026-01-28T02:15:38.767311-05:00,2026-01-27,il,14,"{""consensus"": 0.0056621502548445685, ""google-weather"": 0.0678884770799372, ""lstm"": 0.0024450967222624177, ""open-meteo"": 0.10370679642885415, ""openweathermap"": 0.23248634833716028, ""pirateweather"": 0.15439496596320093, ""tomorrow"": 0.08188551538383848, ""visual-crossing"": 0.31825056223873877, ""weather.gov"": 0.022579511289407314, ""weatherapi"": 0.010700576301755962}"
2026-01-28T02:15:38.767311-05:00,2026-01-27,tx,14,"{""consensus"": 0.4404016647518559, ""google-weather"": 0.1562283780379307, ""lstm"": 0.006840488858065905, ""open-meteo"": 0.0018648009452839427, ""openweathermap"": 0.012114654976969974, ""pirateweather"": 0.012415084509849624, ""tomorrow"": 0.018625603959103815, ""visual-crossing"": 0.2980096633456609, ""weather.gov"": 0.015624465562887019, ""weatherapi"": 0.03787519505239226}"
2026-01-28T02:15:38.767311-05:00,2026-01-27,fl,14,"{""consensus"": 0.10011968956121808, ""google-weather"": 0.07895807729245018, ""lstm"": 0.04921243181427487, ""open-meteo"": 0.0019387856382881632, ""openweathermap"": 0.11964308363470193, ""pirateweather"": 0.1217973852827744, ""tomorrow"": 0.0411589883139201, ""visual-crossing"": 0.29716661969786545, ""weather.gov"": 0.03396281541969194, ""weatherapi"": 0.15604212334481482}"
2026-01-28T02:15:38.775149-05:00,2026-01-27,ny,14,"{""consensus"": 0.03855627069363655, ""google-weather"": 0.3350655133181582, ""lstm"": 0.005139631325049046, ""open-meteo"": 0.004383975176471585, ""openweathermap"": 0.16427424806626204, ""pirateweather"": 0.09340401700581191, ""tomorrow"": 0.12112785939132159, ""visual-crossing"": 0.12604420020999516, ""weather.gov"": 0.051343385326024754, ""weatherapi"": 0.06066089948726928}"
2026-01-28T02:15:38.775149-05:00,2026-01-27,il,14,"{""consensus"": 0.00828152165449478, ""google-weather"": 0.1189972063230401, ""lstm"": 0.0029500827486912064, ""open-meteo"": 0.030346228238279312, ""openweathermap"": 0.19397999150019204, ""pirateweather"": 0.0968625528423213, ""tomorrow"": 0.12350143651550205, ""visual-crossing"": 0.38397887693909294, ""weather.gov"": 0.023666673090265586, ""weatherapi"": 0.017435430148120865}"
2026-01-28T02:15:38.775149-05:00,2026-01-27,tx,14,"{""consensus"": 0.4404016647518559, ""google-weather"": 0.1562283780379307, ""lstm"": 0.006840488858065905, ""open-meteo"": 0.0018648009452839427, ""openweathermap"": 0.012114654976969974, ""pirateweather"": 0.012415084509849624, ""tomorrow"": 0.018625603959103815, ""visual-crossing"": 0.2980096633456609, ""weather.gov"": 0.015624465562887019, ""weatherapi"": 0.03787519505239226}"
2026-01-28T02:15:38.775149-05:00,2026-01-27,fl,14,"{""consensus"": 0.10011968956121808, ""google-weather"": 0.07895807729245018, ""lstm"": 0.04921243181427487, ""open-meteo"": 0.0019387856382881632, ""openweathermap"": 0.11964308363470193, ""pirateweather"": 0.1217973852827744, ""tomorrow"": 0.0411589883139201, ""visual-crossing"": 0.29716661969786545, ""weather.gov"": 0.03396281541969194, ""weatherapi"": 0.15604212334481482}"
2026-01-28T06:30:03.947685-05:00,2026-01-27,ny,14,"{""consensus"": 0.03931422867073344, ""google-weather"": 0.3437943442368369, ""lstm"": 0.005212419310696191, ""open-meteo"": 0.00444606148228641, ""openweathermap"": 0.14529293003806049, ""pirateweather"": 0.08543129210264346, ""tomorrow"": 0.12864686122938773, ""visual-crossing"": 0.12782925109313478, ""weather.gov"": 0.05012715402325267, ""weatherapi"": 0.06990545781296803}"
2026-01-28T06:30:03.947685-05:00,2026-01-27,il,14,"{""consensus"": 0.009114034077969676, ""google-weather"": 0.137351127671433, ""lstm"": 0.0029821633408473333, ""open-meteo"": 0.03067622744661368, ""openweathermap"": 0.17211944574735988, ""pirateweather"": 0.07924751755124466, ""tomorrow"": 0.13752637630135991, ""visual-crossing"": 0.38815444447295805, ""weather.gov"": 0.02267480416782833, ""weatherapi"": 0.020153859222385564}"
2026-01-28T06:30:03.947685-05:00,2026-01-27,tx,14,"{""consensus"": 0.2562253111728049, ""google-weather"": 0.28035347856854176, ""lstm"": 0.007565593735575008, ""open-meteo"": 0.002062473405405644, ""openweathermap"": 0.017872835048202872, ""pirateweather"": 0.010595686575028627, ""tomorrow"": 0.02717746939528025, ""visual-crossing"": 0.32959925656340094, ""weather.gov"": 0.01303457803751828, ""weatherapi"": 0.055513317498241704}"
2026-01-28T06:30:03.947685-05:00,2026-01-27,fl,14,"{""consensus"": 0.09659001325983146, ""google-weather"": 0.14881858826304323, ""lstm"": 0.04558372365296598, ""open-meteo"": 0.00179582811700095, ""openweathermap"": 0.13305031480429086, ""pirateweather"": 0.059639179948057765, ""tomorrow"": 0.03455151508245219, ""visual-crossing"": 0.2752548608513247, ""weather.gov"": 0.02618032464230779, ""weatherapi"": 0.17853565137872504}"
2026-01-29T02:15:38.586538-05:00,2026-01-28,ny,14,"{""consensus"": 0.037939946757638315, ""google-weather"": 0.3475723241176963, ""lstm"": 0.005058396466740075, ""open-meteo"": 0.004314683902493423, ""openweathermap"": 0.1558198568586664, ""pirateweather"": 0.06925326971496285, ""tomorrow"": 0.13272528504264278, ""visual-crossing"": 0.12405199841629375, ""weather.gov"": 0.04685727158422939, ""weatherapi"": 0.07640696713863689}"
2026-01-29T02:15:38.586538-05:00,2026-01-28,il,14,"{""consensus"": 0.00929291998304425, ""google-weather"": 0.16003034309721068, ""lstm"": 0.002862039515016385, ""open-meteo"": 0.029440565485220057, ""openweathermap"": 0.18581808499599067, ""pirateweather"": 0.05640828154736059, ""tomorrow"": 0.14138295330710043, ""visual-crossing"": 0.37251928584676086, ""weather.gov"": 0.020238575741861997, ""weatherapi"": 0.022006950480434134}"
2026-01-29T02:15:38.586538-05:00,2026-01-28,tx,14,"{""consensus"": 0.2562253111728049, ""google-weather"": 0.28035347856854176, ""lstm"": 0.007565593735575008, ""open-meteo"": 0.002062473405405644, ""openweathermap"": 0.017872835048202872, ""pirateweather"": 0.010595686575028627, ""tomorrow"": 0.02717746939528025, ""visual-crossing"": 0.32959925656340094, ""weather.gov"": 0.01303457803751828, ""weatherapi"": 0.055513317498241704}"
2026-01-29T02:15:38.586538-05:00,2026-01-28,fl,14,"{""consensus"": 0.09659001325983146, ""google-weather"": 0.14881858826304323, ""lstm"": 0.04558372365296598, ""open-meteo"": 0.00179582811700095, ""openweathermap"": 0.13305031480429086, ""pirateweather"": 0.059639179948057765, ""tomorrow"": 0.03455151508245219, ""visual-crossing"": 0.2752548608513247, ""weather.gov"": 0.02618032464230779, ""weatherapi"": 0.17853565137872504}"
2026-01-29T02:15:38.692501-05:00,2026-01-28,ny,14,"{""consensus"": 0.03931422867073344, ""google-weather"": 0.3437943442368369, ""lstm"": 0.005212419310696191, ""open-meteo"": 0.00444606148228641, ""openweathermap"": 0.14529293003806049, ""pirateweather"": 0.08543129210264346, ""tomorrow"": 0.12864686122938773, ""visual-crossing"": 0.12782925109313478, ""weather.gov"": 0.05012715402325267, ""weatherapi"": 0.06990545781296803}"
2026-01-29T02:15:38.692501-05:00,2026-01-28,il,14,"{""consensus"": 0.009114034077969676, ""google-weather"": 0.137351127671433, ""lstm"": 0.0029821633408473333, ""open-meteo"": 0.03067622744661368, ""openweathermap"": 0.17211944574735988, ""pirateweather"": 0.07924751755124466, ""tomorrow"": 0.13752637630135991, ""visual-crossing"": 0.38815444447295805, ""weather.gov"": 0.02267480416782833, ""weatherapi"": 0.020153859222385564}"
2026-01-29T02:15:38.692501-05:00,2026-01-28,tx,14,"{""consensus"": 0.2562253111728049, ""google-weather"": 0.28035347856854176, ""lstm"": 0.007565593735575008, ""open-meteo"": 0.002062473405405644, ""openweathermap"": 0.017872835048202872, ""pirateweather"": 0.010595686575028627, ""tomorrow"": 0.02717746939528025, ""visual-crossing"": 0.32959925656340094, ""weather.gov"": 0.01303457803751828, ""weatherapi"": 0.055513317498241704}"
2026-01-29T02:15:38.692501-05:00,2026-01-28,fl,14,"{""consensus"": 0.09659001325983146, ""google-weather"": 0.14881858826304323, ""lstm"": 0.04558372365296598, ""open-meteo"": 0.00179582811700095, ""openweathermap"": 0.13305031480429086, ""pirateweather"": 0.059639179948057765, ""tomorrow"": 0.03455151508245219, ""visual-crossing"": 0.2752548608513247, ""weather.gov"": 0.02618032464230779, ""weatherapi"": 0.17853565137872504}"
2026-01-29T06:30:02.990714-05:00,2026-01-28,ny,14,"{""consensus"": 0.03530692056587303, ""google-weather"": 0.3462799533549355, ""lstm"": 0.004752100874302741, ""open-meteo"": 0.003223354877413436, ""openweathermap"": 0.17499884870200078, ""pirateweather"": 0.04976346099090232, ""tomorrow"": 0.13868187682728192, ""visual-crossing"": 0.11654041236371983, ""weather.gov"": 0.04141839359524214, ""weatherapi"": 0.08903467784832839}"
2026-01-29T06:30:02.990714-05:00,2026-01-28,il,14,"{""consensus"": 0.009483553421991359, ""google-weather"": 0.20213264125183344, ""lstm"": 0.0026234721477390007, ""open-meteo"": 0.011223958977884389, ""openweathermap"": 0.21076100747360674, ""pirateweather"": 0.034103441928194186, ""tomorrow"": 0.14614303377950424, ""visual-crossing"": 0.34146767219215196, ""weather.gov"": 0.01653034123704416, ""weatherapi"": 0.025530877590050433}"
2026-01-29T06:30:02.990714-05:00,2026-01-28,tx,14,"{""consensus"": 0.13214409760694862, ""google-weather"": 0.4361217507498444, ""lstm"": 0.006805745027995211, ""open-meteo"": 0.0018553293521707962, ""openweathermap"": 0.0189487640198821, ""pirateweather"": 0.007810363461339221, ""tomorrow"": 0.030407073545859222, ""visual-crossing"": 0.2964960292593343, ""weather.gov"": 0.009596329152044683, ""weatherapi"": 0.05981451782458133}"
2026-01-29T06:30:02.990714-05:00,2026-01-28,fl,14,"{""consensus"": 0.09846912805954991, ""google-weather"": 0.17310893343875589, ""lstm"": 0.040142875564651466, ""open-meteo"": 0.0015814790644375289, ""openweathermap"": 0.12545965148237792, ""pirateweather"": 0.05519116095489552, ""tomorrow"": 0.04069113380172083, ""visual-crossing"": 0.24240059262910232, ""weather.gov"": 0.025200555284200434, ""weatherapi"": 0.19775448972030824}"
2026-01-30T02:15:38.584925-05:00,2026-01-29,ny,14,"{""consensus"": 0.03530692056587303, ""google-weather"": 0.3462799533549355, ""lstm"": 0.004752100874302741, ""open-meteo"": 0.003223354877413436, ""openweathermap"": 0.17499884870200078, ""pirateweather"": 0.04976346099090232, ""tomorrow"": 0.13868187682728192, ""visual-crossing"": 0.11654041236371983, ""weather.gov"": 0.04141839359524214, ""weatherapi"": 0.08903467784832839}"
2026-01-30T02:15:38.584925-05:00,2026-01-29,il,14,"{""consensus"": 0.009483553421991359, ""google-weather"": 0.20213264125183344, ""lstm"": 0.0026234721477390007, ""open-meteo"": 0.011223958977884389, ""openweathermap"": 0.21076100747360674, ""pirateweather"": 0.034103441928194186, ""tomorrow"": 0.14614303377950424, ""visual-crossing"": 0.34146767219215196, ""weather.gov"": 0.01653034123704416, ""weatherapi"": 0.025530877590050433}"
2026-01-30T02:15:38.584925-05:00,2026-01-29,tx,14,"{""consensus"": 0.13214409760694862, ""google-weather"": 0.4361217507498444, ""lstm"": 0.006805745027995211, ""open-meteo"": 0.0018553293521707962, ""openweathermap"": 0.0189487640198821, ""pirateweather"": 0.007810363461339221, ""tomorrow"": 0.030407073545859222, ""visual-crossing"": 0.2964960292593343, ""weather.gov"": 0.009596329152044683, ""weatherapi"": 0.05981451782458133}"
2026-01-30T02:15:38.584925-05:00,2026-01-29,fl,14,"{""consensus"": 0.09846912805954991, ""google-weather"": 0.17310893343875589, ""lstm"": 0.040142875564651466, ""open-meteo"": 0.0015814790644375289, ""openweathermap"": 0.12545965148237792, ""pirateweather"": 0.05519116095489552, ""tomorrow"": 0.04069113380172083, ""visual-crossing"": 0.24240059262910232, ""weather.gov"": 0.025200555284200434, ""weatherapi"": 0.19775448972030824}"
2026-01-30T02:15:38.840280-05:00,2026-01-29,ny,14,"{""consensus"": 0.04153271839444693, ""google-weather"": 0.19040462818447818, ""lstm"": 0.005472683259239542, ""open-meteo"": 0.005290824270787048, ""openweathermap"": 0.17109608341485347, ""pirateweather"": 0.06387424485139438, ""tomorrow"": 0.18360806543970698, ""visual-crossing"": 0.19928765025277828, ""weather.gov"": 0.025730491677566407, ""weatherapi"": 0.11370261025474875}"
2026-01-30T02:15:38.840280-05:00,2026-01-29,il,14,"{""consensus"": 0.011513341416516817, ""google-weather"": 0.07794255004144995, ""lstm"": 0.0029705747209226065, ""open-meteo"": 0.016856683167922284, ""openweathermap"": 0.1244370677070257, ""pirateweather"": 0.04583447027039188, ""tomorrow"": 0.16297126706858503, ""visual-crossing"": 0.5168286840798044, ""weather.gov"": 0.011646029254282837, ""weatherapi"": 0.028999332273098304}"
2026-01-30T02:15:38.840280-05:00,2026-01-29,tx,14,"{""consensus"": 0.13214409760694862, ""google-weather"": 0.4361217507498444, ""lstm"": 0.006805745027995211, ""open-meteo"": 0.0018553293521707962, ""openweathermap"": 0.0189487640198821, ""pirateweather"": 0.007810363461339221, ""tomorrow"": 0.030407073545859222, ""visual-crossing"": 0.2964960292593343, ""weather.gov"": 0.009596329152044683, ""weatherapi"": 0.05981451782458133}"
2026-01-30T02:15:38.840280-05:00,2026-01-29,fl,14,"{""consensus"": 0.09846912805954991, ""google-weather"": 0.17310893343875589, ""lstm"": 0.040142875564651466, ""open-meteo"": 0.0015814790644375289, ""openweathermap"": 0.12545965148237792, ""pirateweather"": 0.05519116095489552, ""tomorrow"": 0.04069113380172083, ""visual-crossing"": 0.24240059262910232, ""weather.gov"": 0.025200555284200434, ""weatherapi"": 0.19775448972030824}"
2026-01-30T06:30:03.989625-05:00,2026-01-29,ny,14,"{""consensus"": 0.041781205633186914, ""google-weather"": 0.1515949989173663, ""lstm"": 0.005454479682675753, ""open-meteo"": 0.00615712769981821, ""openweathermap"": 0.15959294375318087, ""pirateweather"": 0.06681497046832446, ""tomorrow"": 0.19487168242689387, ""visual-crossing"": 0.23440197601975238, ""weather.gov"": 0.020672144882403133, ""weatherapi"": 0.11865847051639807}"
2026-01-30T06:30:03.989625-05:00,2026-01-29,il,14,"{""consensus"": 0.011595945636306886, ""google-weather"": 0.05620513767636838, ""lstm"": 0.0029003457032048935, ""open-meteo"": 0.018560556039823133, ""openweathermap"": 0.09701111155132229, ""pirateweather"": 0.04839070964446774, ""tomorrow"": 0.15808616052456745, ""visual-crossing"": 0.5693368195884206, ""weather.gov"": 0.009561453011842878, ""weatherapi"": 0.02835176062367568}"
2026-01-30T06:30:03.989625-05:00,2026-01-29,tx,14,"{""consensus"": 0.14489509435483738, ""google-weather"": 0.06004367640790682, ""lstm"": 0.011879318181552107, ""open-meteo"": 0.004812746789365862, ""openweathermap"": 0.023832560474994557, ""pirateweather"": 0.015377664514736959, ""tomorrow"": 0.06240953052769017, ""visual-crossing"": 0.572302164129558, ""weather.gov"": 0.007834741760794909, ""weatherapi"": 0.09661250285856308}"
2026-01-30T06:30:03.989625-05:00,2026-01-29,fl,14,"{""consensus"": 0.09297691958418003, ""google-weather"": 0.07568383378513861, ""lstm"": 0.037295473388814795, ""open-meteo"": 0.0021585472147944225, ""openweathermap"": 0.08057006512242776, ""pirateweather"": 0.055535439762718374, ""tomorrow"": 0.04278115627656644, ""visual-crossing"": 0.3631451072320937, ""weather.gov"": 0.02180505280684613, ""weatherapi"": 0.22804840482641978}"
2026-01-31T02:15:43.863270-05:00,2026-01-30,ny,14,"{""consensus"": 0.0432227462102229, ""google-weather"": 0.11137928571280785, ""lstm"": 0.005291955456280105, ""open-meteo"": 0.0067885527202158485, ""openweathermap"": 0.15483763779722104, ""pirateweather"": 0.06624748040861113, ""tomorrow"": 0.2046973345099136, ""visual-crossing"": 0.26404490093457883, ""weather.gov"": 0.018303921324230144, ""weatherapi"": 0.12518618492591874}"
2026-01-31T02:15:43.863270-05:00,2026-01-30,il,14,"{""consensus"": 0.012987171999226436, ""google-weather"": 0.04257031736971546, ""lstm"": 0.0030728063583448967, ""open-meteo"": 0.022410925818835296, ""openweathermap"": 0.10277959626523539, ""pirateweather"": 0.05441467087204592, ""tomorrow"": 0.16763721047505714, ""visual-crossing"": 0.5528523910138115, ""weather.gov"": 0.009069403795815105, ""weatherapi"": 0.032205506031912814}"
2026-01-31T02:15:43.863270-05:00,2026-01-30,tx,14,"{""consensus"": 0.14489509435483738, ""google-weather"": 0.06004367640790682, ""lstm"": 0.011879318181552107, ""open-meteo"": 0.004812746789365862, ""openweathermap"": 0.023832560474994557, ""pirateweather"": 0.015377664514736959, ""tomorrow"": 0.06240953052769017, ""visual-crossing"": 0.572302164129558, ""weather.gov"": 0.007834741760794909, ""weatherapi"": 0.09661250285856308}"
2026-01-31T02:15:43.863270-05:00,2026-01-30,fl,14,"{""consensus"": 0.09297691958418003, ""google-weather"": 0.07568383378513861, ""lstm"": 0.037295473388814795, ""open-meteo"": 0.0021585472147944225, ""openweathermap"": 0.08057006512242776, ""pirateweather"": 0.055535439762718374, ""tomorrow"": 0.04278115627656644, ""visual-crossing"": 0.3631451072320937, ""weather.gov"": 0.02180505280684613, ""weatherapi"": 0.22804840482641978}"
2026-01-31T06:30:04.466531-05:00,2026-01-30,ny,14,"{""consensus"": 0.04387917732180701, ""google-weather"": 0.08596362289095519, ""lstm"": 0.00505485525656088, ""open-meteo"": 0.007295447359219479, ""openweathermap"": 0.14790030902545162, ""pirateweather"": 0.06456018917533686, ""tomorrow"": 0.21083793819672572, ""visual-crossing"": 0.28886961480081935, ""weather.gov"": 0.0161400472938342, ""weatherapi"": 0.12949879867928962}"
2026-01-31T06:30:04.466531-05:00,2026-01-30,il,14,"{""consensus"": 0.014251940456064973, ""google-weather"": 0.03439870513790789, ""lstm"": 0.0031995855368684013, ""open-meteo"": 0.026328400714348523, ""openweathermap"": 0.1070201214607451, ""pirateweather"": 0.05992195876764075, ""tomorrow"": 0.17469732127980817, ""visual-crossing"": 0.5357862049568334, ""weather.gov"": 0.00858002205534903, ""weatherapi"": 0.03581573963443381}"
2026-01-31T06:30:04.466531-05:00,2026-01-30,tx,14,"{""consensus"": 0.13812208568511994, ""google-weather"": 0.017973900769152878, ""lstm"": 0.009580522150817863, ""open-meteo"": 0.00401074393316344, ""openweathermap"": 0.01922066317711503, ""pirateweather"": 0.015244800398974372, ""tomorrow"": 0.06075116019307827, ""visual-crossing"": 0.6646385765845784, ""weather.gov"": 0.004771790117385663, ""weatherapi"": 0.06568575699061438}"
2026-01-31T06:30:04.466531-05:00,2026-01-30,fl,14,"{""consensus"": 0.09494965022415369, ""google-weather"": 0.053745587553543, ""lstm"": 0.032538190150509544, ""open-meteo"": 0.0026036630538951735, ""openweathermap"": 0.07029282272573946, ""pirateweather"": 0.05986348602673415, ""tomorrow"": 0.040738963230947445, ""visual-crossing"": 0.41268663983478177, ""weather.gov"": 0.014874504983253331, ""weatherapi"": 0.21770649221644267}"
2026-02-01T02:15:38.619531-05:00,2026-01-31,ny,14,"{""consensus"": 0.04462370109703064, ""google-weather"": 0.0751068606444756, ""lstm"": 0.005017745721637875, ""open-meteo"": 0.008198547584284286, ""openweathermap"": 0.12080572629045795, ""pirateweather"": 0.0643151642498027, ""tomorrow"": 0.22510944118017384, ""visual-crossing"": 0.31700465039293246, ""weather.gov"": 0.014073433270356775, ""weatherapi"": 0.12574472956884805}"
2026-02-01T02:15:38.619531-05:00,2026-01-31,il,14,"{""consensus"": 0.015514649225296039, ""google-weather"": 0.03330245871915293, ""lstm"": 0.003324316266143927, ""open-meteo"": 0.030077552944581285, ""openweathermap"": 0.08618420432433858, ""pirateweather"": 0.06246194262236014, ""tomorrow"": 0.18785201862637985, ""visual-crossing"": 0.5341834785718743, ""weather.gov"": 0.007623476428183668, ""weatherapi"": 0.0394759022716891}"
2026-02-01T02:15:38.619531-05:00,2026-01-31,tx,14,"{""consensus"": 0.13812208568511994, ""google-weather"": 0.017973900769152878, ""lstm"": 0.009580522150817863, ""open-meteo"": 0.00401074393316344, ""openweathermap"": 0.01922066317711503, ""pirateweather"": 0.015244800398974372, ""tomorrow"": 0.06075116019307827, ""visual-crossing"": 0.6646385765845784, ""weather.gov"": 0.004771790117385663, ""weatherapi"": 0.06568575699061438}"
2026-02-01T02:15:38.619531-05:00,2026-01-31,fl,14,"{""consensus"": 0.09494965022415369, ""google-weather"": 0.053745587553543, ""lstm"": 0.032538190150509544, ""open-meteo"": 0.0026036630538951735, ""openweathermap"": 0.07029282272573946, ""pirateweather"": 0.05986348602673415, ""tomorrow"": 0.040738963230947445, ""visual-crossing"": 0.41268663983478177, ""weather.gov"": 0.014874504983253331, ""weatherapi"": 0.21770649221644267}"
2026-02-01T06:30:02.501062-05:00,2026-01-31,ny,14,"{""consensus"": 0.04479582703820316, ""google-weather"": 0.06627814466669643, ""lstm"": 0.004924215998232495, ""open-meteo"": 0.009037665963002865, ""openweathermap"": 0.10074081324268094, ""pirateweather"": 0.0633241023338996, ""tomorrow"": 0.2368046956956996, ""visual-crossing"": 0.3408016811749149, ""weather.gov"": 0.012344291489074564, ""weatherapi"": 0.12094856239759551}"
2026-02-01T06:30:02.501062-05:00,2026-01-31,il,14,"{""consensus"": 0.016641262345594772, ""google-weather"": 0.032162188409948764, ""lstm"": 0.003411591942406819, ""open-meteo"": 0.03369431605625603, ""openweathermap"": 0.07188827003165783, ""pirateweather"": 0.0642953395692833, ""tomorrow"": 0.19908020100126456, ""visual-crossing"": 0.5291411537211114, ""weather.gov"": 0.006843391700439834, ""weatherapi"": 0.04284228522203662}"
2026-02-01T06:30:02.501062-05:00,2026-01-31,tx,14,"{""consensus"": 0.1462410540221923, ""google-weather"": 0.014369828715725326, ""lstm"": 0.00912729703231364, ""open-meteo"": 0.004357584163605068, ""openweathermap"": 0.015891033683105994, ""pirateweather"": 0.017327776157914566, ""tomorrow"": 0.06721559369425101, ""visual-crossing"": 0.6598545791075086, ""weather.gov"": 0.00391327779551678, ""weatherapi"": 0.06170197562786665}"
2026-02-01T06:30:02.501062-05:00,2026-01-31,fl,14,"{""consensus"": 0.10283246701301255, ""google-weather"": 0.03385024820140763, ""lstm"": 0.035457869568034185, ""open-meteo"": 0.0036969333345179736, ""openweathermap"": 0.04014419905307873, ""pirateweather"": 0.06908213918654621, ""tomorrow"": 0.05355438288923284, ""visual-crossing"": 0.37232100965926584, ""weather.gov"": 0.009406303839722139, ""weatherapi"": 0.27965444725518185}"
